[
{
  "model": "admin.logentry",
  "pk": 1,
  "fields": {
    "action_time": "2025-12-12T15:01:39.176Z",
    "user": 1,
    "content_type": 4,
    "object_id": "3",
    "object_repr": "clement",
    "action_flag": 1,
    "change_message": "[{\"added\": {}}]"
  }
},
{
  "model": "admin.logentry",
  "pk": 2,
  "fields": {
    "action_time": "2025-12-12T15:02:39.799Z",
    "user": 1,
    "content_type": 4,
    "object_id": "3",
    "object_repr": "clement",
    "action_flag": 2,
    "change_message": "[{\"changed\": {\"fields\": [\"Superuser status\", \"User permissions\", \"Last login\", \"Date joined\"]}}]"
  }
},
{
  "model": "admin.logentry",
  "pk": 3,
  "fields": {
    "action_time": "2025-12-12T21:02:06.034Z",
    "user": 1,
    "content_type": 29,
    "object_id": "1",
    "object_repr": "Sunday Offering",
    "action_flag": 1,
    "change_message": "[{\"added\": {}}]"
  }
},
{
  "model": "admin.logentry",
  "pk": 4,
  "fields": {
    "action_time": "2025-12-12T21:02:20.977Z",
    "user": 1,
    "content_type": 33,
    "object_id": "1",
    "object_repr": "Consistory - 15%",
    "action_flag": 1,
    "change_message": "[{\"added\": {}}]"
  }
},
{
  "model": "admin.logentry",
  "pk": 5,
  "fields": {
    "action_time": "2025-12-14T07:21:31.938Z",
    "user": 1,
    "content_type": 8,
    "object_id": "4",
    "object_repr": "Sunday School",
    "action_flag": 2,
    "change_message": "[{\"changed\": {\"fields\": [\"Name\", \"Description\"]}}]"
  }
},
{
  "model": "admin.logentry",
  "pk": 6,
  "fields": {
    "action_time": "2025-12-14T10:25:09.365Z",
    "user": 1,
    "content_type": 29,
    "object_id": "2",
    "object_repr": "Tithe",
    "action_flag": 1,
    "change_message": "[{\"added\": {}}]"
  }
},
{
  "model": "admin.logentry",
  "pk": 7,
  "fields": {
    "action_time": "2025-12-14T10:25:18.303Z",
    "user": 1,
    "content_type": 33,
    "object_id": "2",
    "object_repr": "Presbytery - 10%",
    "action_flag": 1,
    "change_message": "[{\"added\": {}}]"
  }
},
{
  "model": "admin.logentry",
  "pk": 8,
  "fields": {
    "action_time": "2025-12-15T21:23:52.852Z",
    "user": 1,
    "content_type": 4,
    "object_id": "4",
    "object_repr": "chongo",
    "action_flag": 1,
    "change_message": "[{\"added\": {}}]"
  }
},
{
  "model": "admin.logentry",
  "pk": 9,
  "fields": {
    "action_time": "2025-12-15T21:25:56.240Z",
    "user": 1,
    "content_type": 8,
    "object_id": "5",
    "object_repr": "Choir",
    "action_flag": 3,
    "change_message": ""
  }
},
{
  "model": "admin.logentry",
  "pk": 10,
  "fields": {
    "action_time": "2025-12-15T21:25:56.240Z",
    "user": 1,
    "content_type": 8,
    "object_id": "1",
    "object_repr": "Men Fellowship",
    "action_flag": 3,
    "change_message": ""
  }
},
{
  "model": "admin.logentry",
  "pk": 11,
  "fields": {
    "action_time": "2025-12-15T21:25:56.240Z",
    "user": 1,
    "content_type": 8,
    "object_id": "8",
    "object_repr": "St. Johns",
    "action_flag": 3,
    "change_message": ""
  }
},
{
  "model": "admin.logentry",
  "pk": 12,
  "fields": {
    "action_time": "2025-12-15T21:25:56.240Z",
    "user": 1,
    "content_type": 8,
    "object_id": "7",
    "object_repr": "St. Pauls",
    "action_flag": 3,
    "change_message": ""
  }
},
{
  "model": "admin.logentry",
  "pk": 13,
  "fields": {
    "action_time": "2025-12-15T21:25:56.240Z",
    "user": 1,
    "content_type": 8,
    "object_id": "6",
    "object_repr": "St. Peters",
    "action_flag": 3,
    "change_message": ""
  }
},
{
  "model": "admin.logentry",
  "pk": 14,
  "fields": {
    "action_time": "2025-12-15T21:25:56.240Z",
    "user": 1,
    "content_type": 8,
    "object_id": "4",
    "object_repr": "Sunday School",
    "action_flag": 3,
    "change_message": ""
  }
},
{
  "model": "admin.logentry",
  "pk": 15,
  "fields": {
    "action_time": "2025-12-15T21:25:56.240Z",
    "user": 1,
    "content_type": 8,
    "object_id": "2",
    "object_repr": "Women Fellowship",
    "action_flag": 3,
    "change_message": ""
  }
},
{
  "model": "admin.logentry",
  "pk": 16,
  "fields": {
    "action_time": "2025-12-15T21:25:56.240Z",
    "user": 1,
    "content_type": 8,
    "object_id": "3",
    "object_repr": "Youth Fellowship",
    "action_flag": 3,
    "change_message": ""
  }
},
{
  "model": "admin.logentry",
  "pk": 17,
  "fields": {
    "action_time": "2025-12-15T21:27:06.437Z",
    "user": 1,
    "content_type": 8,
    "object_id": "9",
    "object_repr": "Nambala",
    "action_flag": 1,
    "change_message": "[{\"added\": {}}]"
  }
},
{
  "model": "admin.logentry",
  "pk": 18,
  "fields": {
    "action_time": "2025-12-15T21:27:23.104Z",
    "user": 1,
    "content_type": 8,
    "object_id": "10",
    "object_repr": "Chipembi",
    "action_flag": 1,
    "change_message": "[{\"added\": {}}]"
  }
},
{
  "model": "admin.logentry",
  "pk": 19,
  "fields": {
    "action_time": "2025-12-15T21:27:35.372Z",
    "user": 1,
    "content_type": 8,
    "object_id": "11",
    "object_repr": "Mwenzo",
    "action_flag": 1,
    "change_message": "[{\"added\": {}}]"
  }
},
{
  "model": "admin.logentry",
  "pk": 20,
  "fields": {
    "action_time": "2025-12-15T21:29:17.200Z",
    "user": 1,
    "content_type": 8,
    "object_id": "12",
    "object_repr": "Mwandi",
    "action_flag": 1,
    "change_message": "[{\"added\": {}}]"
  }
},
{
  "model": "admin.logentry",
  "pk": 21,
  "fields": {
    "action_time": "2025-12-15T21:38:45.039Z",
    "user": 1,
    "content_type": 21,
    "object_id": "1",
    "object_repr": "Church Projects, Development and Planning (CPDPC)",
    "action_flag": 1,
    "change_message": "[{\"added\": {}}]"
  }
},
{
  "model": "admin.logentry",
  "pk": 22,
  "fields": {
    "action_time": "2025-12-15T21:44:12.813Z",
    "user": 1,
    "content_type": 18,
    "object_id": "1",
    "object_repr": "Men Christian Fellowship (MCF)",
    "action_flag": 1,
    "change_message": "[{\"added\": {}}]"
  }
},
{
  "model": "admin.logentry",
  "pk": 23,
  "fields": {
    "action_time": "2025-12-15T21:44:48.728Z",
    "user": 1,
    "content_type": 23,
    "object_id": "1",
    "object_repr": "Joyce Banda - Church Projects, Development and Planning (CPDPC)",
    "action_flag": 1,
    "change_message": "[{\"added\": {}}]"
  }
},
{
  "model": "admin.logentry",
  "pk": 24,
  "fields": {
    "action_time": "2025-12-15T21:45:19.937Z",
    "user": 1,
    "content_type": 23,
    "object_id": "2",
    "object_repr": "Mwila Chilufya - Church Projects, Development and Planning (CPDPC)",
    "action_flag": 1,
    "change_message": "[{\"added\": {}}]"
  }
},
{
  "model": "admin.logentry",
  "pk": 25,
  "fields": {
    "action_time": "2025-12-15T21:48:54.677Z",
    "user": 1,
    "content_type": 23,
    "object_id": "3",
    "object_repr": "Chisomo Katongo - Church Projects, Development and Planning (CPDPC)",
    "action_flag": 1,
    "change_message": "[{\"added\": {}}]"
  }
},
{
  "model": "admin.logentry",
  "pk": 26,
  "fields": {
    "action_time": "2025-12-16T19:31:15.252Z",
    "user": 1,
    "content_type": 21,
    "object_id": "1",
    "object_repr": "Church Projects, Development and Planning (CPDPC)",
    "action_flag": 3,
    "change_message": ""
  }
},
{
  "model": "admin.logentry",
  "pk": 27,
  "fields": {
    "action_time": "2025-12-16T19:38:54.324Z",
    "user": 1,
    "content_type": 18,
    "object_id": "1",
    "object_repr": "Men Christian Fellowship (MCF)",
    "action_flag": 3,
    "change_message": ""
  }
},
{
  "model": "admin.logentry",
  "pk": 28,
  "fields": {
    "action_time": "2025-12-16T19:41:52.535Z",
    "user": 1,
    "content_type": 18,
    "object_id": "4",
    "object_repr": "Womens Christian Fellowship (WCF)",
    "action_flag": 2,
    "change_message": "[{\"changed\": {\"fields\": [\"Name\"]}}]"
  }
},
{
  "model": "admin.logentry",
  "pk": 29,
  "fields": {
    "action_time": "2025-12-17T17:58:03.039Z",
    "user": 1,
    "content_type": 29,
    "object_id": "4",
    "object_repr": "Dry Harvest",
    "action_flag": 2,
    "change_message": "[{\"changed\": {\"fields\": [\"Name\"]}}]"
  }
},
{
  "model": "admin.logentry",
  "pk": 30,
  "fields": {
    "action_time": "2025-12-17T17:58:33.434Z",
    "user": 1,
    "content_type": 29,
    "object_id": "12",
    "object_repr": "Green Harvest",
    "action_flag": 2,
    "change_message": "[{\"changed\": {\"fields\": [\"Name\"]}}]"
  }
},
{
  "model": "admin.logentry",
  "pk": 31,
  "fields": {
    "action_time": "2025-12-17T18:00:21.852Z",
    "user": 1,
    "content_type": 24,
    "object_id": "1",
    "object_repr": "Farming (Vegetables)",
    "action_flag": 1,
    "change_message": "[{\"added\": {}}]"
  }
},
{
  "model": "admin.logentry",
  "pk": 32,
  "fields": {
    "action_time": "2025-12-22T12:13:22.772Z",
    "user": 1,
    "content_type": 4,
    "object_id": "3",
    "object_repr": "clement",
    "action_flag": 2,
    "change_message": "[{\"changed\": {\"fields\": [\"First name\", \"Last name\", \"Email address\"]}}]"
  }
},
{
  "model": "admin.logentry",
  "pk": 33,
  "fields": {
    "action_time": "2025-12-22T12:13:54.966Z",
    "user": 1,
    "content_type": 4,
    "object_id": "1",
    "object_repr": "elisha",
    "action_flag": 2,
    "change_message": "[{\"changed\": {\"fields\": [\"First name\", \"Last name\"]}}]"
  }
},
{
  "model": "admin.logentry",
  "pk": 34,
  "fields": {
    "action_time": "2025-12-22T12:14:18.087Z",
    "user": 1,
    "content_type": 4,
    "object_id": "4",
    "object_repr": "chongo",
    "action_flag": 2,
    "change_message": "[{\"changed\": {\"fields\": [\"First name\", \"Last name\"]}}]"
  }
},
{
  "model": "admin.logentry",
  "pk": 35,
  "fields": {
    "action_time": "2025-12-22T12:14:47.842Z",
    "user": 1,
    "content_type": 4,
    "object_id": "2",
    "object_repr": "admin",
    "action_flag": 2,
    "change_message": "[{\"changed\": {\"fields\": [\"First name\", \"Last name\"]}}]"
  }
},
{
  "model": "admin.logentry",
  "pk": 36,
  "fields": {
    "action_time": "2025-12-22T12:15:35.134Z",
    "user": 1,
    "content_type": 4,
    "object_id": "1",
    "object_repr": "elisha",
    "action_flag": 2,
    "change_message": "[{\"changed\": {\"fields\": [\"First name\", \"Last name\"]}}]"
  }
},
{
  "model": "admin.logentry",
  "pk": 37,
  "fields": {
    "action_time": "2025-12-30T17:32:32.015Z",
    "user": 1,
    "content_type": 4,
    "object_id": "4",
    "object_repr": "chongo",
    "action_flag": 2,
    "change_message": "[{\"changed\": {\"fields\": [\"password\"]}}]"
  }
},
{
  "model": "admin.logentry",
  "pk": 38,
  "fields": {
    "action_time": "2025-12-30T17:33:24.034Z",
    "user": 1,
    "content_type": 4,
    "object_id": "4",
    "object_repr": "chongo",
    "action_flag": 2,
    "change_message": "[{\"changed\": {\"fields\": [\"Email address\", \"Staff status\", \"Superuser status\"]}}]"
  }
},
{
  "model": "admin.logentry",
  "pk": 39,
  "fields": {
    "action_time": "2025-12-30T17:33:41.428Z",
    "user": 1,
    "content_type": 4,
    "object_id": "3",
    "object_repr": "clement",
    "action_flag": 2,
    "change_message": "[{\"changed\": {\"fields\": [\"Staff status\"]}}]"
  }
},
{
  "model": "admin.logentry",
  "pk": 40,
  "fields": {
    "action_time": "2025-12-30T17:34:08.312Z",
    "user": 1,
    "content_type": 4,
    "object_id": "4",
    "object_repr": "chongo",
    "action_flag": 2,
    "change_message": "[{\"changed\": {\"fields\": [\"User permissions\"]}}]"
  }
},
{
  "model": "admin.logentry",
  "pk": 41,
  "fields": {
    "action_time": "2025-12-30T17:35:20.021Z",
    "user": 1,
    "content_type": 9,
    "object_id": "41",
    "object_repr": "John Banda",
    "action_flag": 3,
    "change_message": ""
  }
},
{
  "model": "admin.logentry",
  "pk": 42,
  "fields": {
    "action_time": "2025-12-30T17:35:20.021Z",
    "user": 1,
    "content_type": 9,
    "object_id": "30",
    "object_repr": "Joyce Banda",
    "action_flag": 3,
    "change_message": ""
  }
},
{
  "model": "admin.logentry",
  "pk": 43,
  "fields": {
    "action_time": "2025-12-30T17:35:20.021Z",
    "user": 1,
    "content_type": 9,
    "object_id": "19",
    "object_repr": "Chisomo Bwalya",
    "action_flag": 3,
    "change_message": ""
  }
},
{
  "model": "admin.logentry",
  "pk": 44,
  "fields": {
    "action_time": "2025-12-30T17:35:20.021Z",
    "user": 1,
    "content_type": 9,
    "object_id": "12",
    "object_repr": "Mulenga Bwalya",
    "action_flag": 3,
    "change_message": ""
  }
},
{
  "model": "admin.logentry",
  "pk": 45,
  "fields": {
    "action_time": "2025-12-30T17:35:20.021Z",
    "user": 1,
    "content_type": 9,
    "object_id": "38",
    "object_repr": "Susan Chanda",
    "action_flag": 3,
    "change_message": ""
  }
},
{
  "model": "admin.logentry",
  "pk": 46,
  "fields": {
    "action_time": "2025-12-30T17:35:20.021Z",
    "user": 1,
    "content_type": 9,
    "object_id": "16",
    "object_repr": "Chisomo Chilufya",
    "action_flag": 3,
    "change_message": ""
  }
},
{
  "model": "admin.logentry",
  "pk": 47,
  "fields": {
    "action_time": "2025-12-30T17:35:20.021Z",
    "user": 1,
    "content_type": 9,
    "object_id": "26",
    "object_repr": "Kondwani Chilufya",
    "action_flag": 3,
    "change_message": ""
  }
},
{
  "model": "admin.logentry",
  "pk": 48,
  "fields": {
    "action_time": "2025-12-30T17:35:20.021Z",
    "user": 1,
    "content_type": 9,
    "object_id": "29",
    "object_repr": "Mwila Chilufya",
    "action_flag": 3,
    "change_message": ""
  }
},
{
  "model": "admin.logentry",
  "pk": 49,
  "fields": {
    "action_time": "2025-12-30T17:35:20.021Z",
    "user": 1,
    "content_type": 9,
    "object_id": "8",
    "object_repr": "Naomi Chilufya",
    "action_flag": 3,
    "change_message": ""
  }
},
{
  "model": "admin.logentry",
  "pk": 50,
  "fields": {
    "action_time": "2025-12-30T17:35:20.021Z",
    "user": 1,
    "content_type": 9,
    "object_id": "23",
    "object_repr": "Chisomo Katongo",
    "action_flag": 3,
    "change_message": ""
  }
},
{
  "model": "admin.logentry",
  "pk": 51,
  "fields": {
    "action_time": "2025-12-30T17:35:20.021Z",
    "user": 1,
    "content_type": 9,
    "object_id": "9",
    "object_repr": "Musonda Katongo",
    "action_flag": 3,
    "change_message": ""
  }
},
{
  "model": "admin.logentry",
  "pk": 52,
  "fields": {
    "action_time": "2025-12-30T17:35:20.021Z",
    "user": 1,
    "content_type": 9,
    "object_id": "6",
    "object_repr": "Mutale Katongo",
    "action_flag": 3,
    "change_message": ""
  }
},
{
  "model": "admin.logentry",
  "pk": 53,
  "fields": {
    "action_time": "2025-12-30T17:35:20.021Z",
    "user": 1,
    "content_type": 9,
    "object_id": "18",
    "object_repr": "Bwalya Kunda",
    "action_flag": 3,
    "change_message": ""
  }
},
{
  "model": "admin.logentry",
  "pk": 54,
  "fields": {
    "action_time": "2025-12-30T17:35:20.021Z",
    "user": 1,
    "content_type": 9,
    "object_id": "11",
    "object_repr": "Mutale Kunda",
    "action_flag": 3,
    "change_message": ""
  }
},
{
  "model": "admin.logentry",
  "pk": 55,
  "fields": {
    "action_time": "2025-12-30T17:35:20.021Z",
    "user": 1,
    "content_type": 9,
    "object_id": "31",
    "object_repr": "Mary Lungu",
    "action_flag": 3,
    "change_message": ""
  }
},
{
  "model": "admin.logentry",
  "pk": 56,
  "fields": {
    "action_time": "2025-12-30T17:35:20.021Z",
    "user": 1,
    "content_type": 9,
    "object_id": "2",
    "object_repr": "Mwila Lungu",
    "action_flag": 3,
    "change_message": ""
  }
},
{
  "model": "admin.logentry",
  "pk": 57,
  "fields": {
    "action_time": "2025-12-30T17:35:20.021Z",
    "user": 1,
    "content_type": 9,
    "object_id": "39",
    "object_repr": "Rose Lungu",
    "action_flag": 3,
    "change_message": ""
  }
},
{
  "model": "admin.logentry",
  "pk": 58,
  "fields": {
    "action_time": "2025-12-30T17:35:20.021Z",
    "user": 1,
    "content_type": 9,
    "object_id": "24",
    "object_repr": "Chanda Mulenga",
    "action_flag": 3,
    "change_message": ""
  }
},
{
  "model": "admin.logentry",
  "pk": 59,
  "fields": {
    "action_time": "2025-12-30T17:35:20.021Z",
    "user": 1,
    "content_type": 9,
    "object_id": "43",
    "object_repr": "Peter Mulenga",
    "action_flag": 3,
    "change_message": ""
  }
},
{
  "model": "admin.logentry",
  "pk": 60,
  "fields": {
    "action_time": "2025-12-30T17:35:20.021Z",
    "user": 1,
    "content_type": 9,
    "object_id": "35",
    "object_repr": "Esther Mumba",
    "action_flag": 3,
    "change_message": ""
  }
},
{
  "model": "admin.logentry",
  "pk": 61,
  "fields": {
    "action_time": "2025-12-30T17:35:20.021Z",
    "user": 1,
    "content_type": 9,
    "object_id": "34",
    "object_repr": "Kondwani Mumba",
    "action_flag": 3,
    "change_message": ""
  }
},
{
  "model": "admin.logentry",
  "pk": 62,
  "fields": {
    "action_time": "2025-12-30T17:35:20.021Z",
    "user": 1,
    "content_type": 9,
    "object_id": "28",
    "object_repr": "Susan Mwanza",
    "action_flag": 3,
    "change_message": ""
  }
},
{
  "model": "admin.logentry",
  "pk": 63,
  "fields": {
    "action_time": "2025-12-30T17:35:20.021Z",
    "user": 1,
    "content_type": 9,
    "object_id": "40",
    "object_repr": "Martha Ng'ombe",
    "action_flag": 3,
    "change_message": ""
  }
},
{
  "model": "admin.logentry",
  "pk": 64,
  "fields": {
    "action_time": "2025-12-30T17:35:20.021Z",
    "user": 1,
    "content_type": 9,
    "object_id": "27",
    "object_repr": "Ruth Ng'ombe",
    "action_flag": 3,
    "change_message": ""
  }
},
{
  "model": "admin.logentry",
  "pk": 65,
  "fields": {
    "action_time": "2025-12-30T17:35:20.021Z",
    "user": 1,
    "content_type": 9,
    "object_id": "32",
    "object_repr": "Faith Ngoma",
    "action_flag": 3,
    "change_message": ""
  }
},
{
  "model": "admin.logentry",
  "pk": 66,
  "fields": {
    "action_time": "2025-12-30T17:35:20.021Z",
    "user": 1,
    "content_type": 9,
    "object_id": "15",
    "object_repr": "Kabwe Nyirenda",
    "action_flag": 3,
    "change_message": ""
  }
},
{
  "model": "admin.logentry",
  "pk": 67,
  "fields": {
    "action_time": "2025-12-30T17:35:20.021Z",
    "user": 1,
    "content_type": 9,
    "object_id": "14",
    "object_repr": "Lubasi Nyirenda",
    "action_flag": 3,
    "change_message": ""
  }
},
{
  "model": "admin.logentry",
  "pk": 68,
  "fields": {
    "action_time": "2025-12-30T17:35:20.021Z",
    "user": 1,
    "content_type": 9,
    "object_id": "4",
    "object_repr": "Mulenga Nyirenda",
    "action_flag": 3,
    "change_message": ""
  }
},
{
  "model": "admin.logentry",
  "pk": 69,
  "fields": {
    "action_time": "2025-12-30T17:35:20.021Z",
    "user": 1,
    "content_type": 9,
    "object_id": "42",
    "object_repr": "Mary Phiri",
    "action_flag": 3,
    "change_message": ""
  }
},
{
  "model": "admin.logentry",
  "pk": 70,
  "fields": {
    "action_time": "2025-12-30T17:35:20.021Z",
    "user": 1,
    "content_type": 9,
    "object_id": "3",
    "object_repr": "Kabwe Sakala",
    "action_flag": 3,
    "change_message": ""
  }
},
{
  "model": "admin.logentry",
  "pk": 71,
  "fields": {
    "action_time": "2025-12-30T17:35:20.022Z",
    "user": 1,
    "content_type": 9,
    "object_id": "25",
    "object_repr": "Mary Shamende",
    "action_flag": 3,
    "change_message": ""
  }
},
{
  "model": "admin.logentry",
  "pk": 72,
  "fields": {
    "action_time": "2025-12-30T17:35:20.022Z",
    "user": 1,
    "content_type": 9,
    "object_id": "1",
    "object_repr": "Mwamba Shamende",
    "action_flag": 3,
    "change_message": ""
  }
},
{
  "model": "admin.logentry",
  "pk": 73,
  "fields": {
    "action_time": "2025-12-30T17:35:20.022Z",
    "user": 1,
    "content_type": 9,
    "object_id": "21",
    "object_repr": "Susan Siame",
    "action_flag": 3,
    "change_message": ""
  }
},
{
  "model": "admin.logentry",
  "pk": 74,
  "fields": {
    "action_time": "2025-12-30T17:35:20.022Z",
    "user": 1,
    "content_type": 9,
    "object_id": "20",
    "object_repr": "Tamara Siame",
    "action_flag": 3,
    "change_message": ""
  }
},
{
  "model": "admin.logentry",
  "pk": 75,
  "fields": {
    "action_time": "2025-12-30T17:35:20.022Z",
    "user": 1,
    "content_type": 9,
    "object_id": "22",
    "object_repr": "Chilufya Simpemba",
    "action_flag": 3,
    "change_message": ""
  }
},
{
  "model": "admin.logentry",
  "pk": 76,
  "fields": {
    "action_time": "2025-12-30T17:35:20.022Z",
    "user": 1,
    "content_type": 9,
    "object_id": "33",
    "object_repr": "Chisomo Simpemba",
    "action_flag": 3,
    "change_message": ""
  }
},
{
  "model": "admin.logentry",
  "pk": 77,
  "fields": {
    "action_time": "2025-12-30T17:35:20.022Z",
    "user": 1,
    "content_type": 9,
    "object_id": "37",
    "object_repr": "Bwalya Tembo",
    "action_flag": 3,
    "change_message": ""
  }
},
{
  "model": "admin.logentry",
  "pk": 78,
  "fields": {
    "action_time": "2025-12-30T17:35:20.022Z",
    "user": 1,
    "content_type": 9,
    "object_id": "44",
    "object_repr": "Grace Tembo",
    "action_flag": 3,
    "change_message": ""
  }
},
{
  "model": "admin.logentry",
  "pk": 79,
  "fields": {
    "action_time": "2025-12-30T17:35:20.022Z",
    "user": 1,
    "content_type": 9,
    "object_id": "36",
    "object_repr": "Mukuka Tembo",
    "action_flag": 3,
    "change_message": ""
  }
},
{
  "model": "admin.logentry",
  "pk": 80,
  "fields": {
    "action_time": "2025-12-30T17:35:20.022Z",
    "user": 1,
    "content_type": 9,
    "object_id": "7",
    "object_repr": "Mwamba Tembo",
    "action_flag": 3,
    "change_message": ""
  }
},
{
  "model": "admin.logentry",
  "pk": 81,
  "fields": {
    "action_time": "2025-12-30T17:35:20.022Z",
    "user": 1,
    "content_type": 9,
    "object_id": "5",
    "object_repr": "Mwamba Tembo",
    "action_flag": 3,
    "change_message": ""
  }
},
{
  "model": "admin.logentry",
  "pk": 82,
  "fields": {
    "action_time": "2025-12-30T17:35:20.022Z",
    "user": 1,
    "content_type": 9,
    "object_id": "13",
    "object_repr": "Natasha Tembo",
    "action_flag": 3,
    "change_message": ""
  }
},
{
  "model": "admin.logentry",
  "pk": 83,
  "fields": {
    "action_time": "2025-12-30T17:35:20.022Z",
    "user": 1,
    "content_type": 9,
    "object_id": "17",
    "object_repr": "Chomba Zulu",
    "action_flag": 3,
    "change_message": ""
  }
},
{
  "model": "admin.logentry",
  "pk": 84,
  "fields": {
    "action_time": "2025-12-30T17:35:20.022Z",
    "user": 1,
    "content_type": 9,
    "object_id": "45",
    "object_repr": "James Zulu",
    "action_flag": 3,
    "change_message": ""
  }
},
{
  "model": "admin.logentry",
  "pk": 85,
  "fields": {
    "action_time": "2025-12-30T17:35:20.022Z",
    "user": 1,
    "content_type": 9,
    "object_id": "10",
    "object_repr": "Thandiwe Zulu",
    "action_flag": 3,
    "change_message": ""
  }
},
{
  "model": "admin.logentry",
  "pk": 86,
  "fields": {
    "action_time": "2025-12-30T17:37:57.129Z",
    "user": 1,
    "content_type": 55,
    "object_id": "1",
    "object_repr": "Silverest Congregation",
    "action_flag": 1,
    "change_message": "[{\"added\": {}}]"
  }
},
{
  "model": "admin.logentry",
  "pk": 87,
  "fields": {
    "action_time": "2025-12-30T17:45:45.764Z",
    "user": 1,
    "content_type": 7,
    "object_id": "11",
    "object_repr": "Congregation Secretary",
    "action_flag": 1,
    "change_message": "[{\"added\": {}}]"
  }
},
{
  "model": "admin.logentry",
  "pk": 88,
  "fields": {
    "action_time": "2025-12-30T17:52:41.187Z",
    "user": 1,
    "content_type": 7,
    "object_id": "12",
    "object_repr": "Member",
    "action_flag": 1,
    "change_message": "[{\"added\": {}}]"
  }
},
{
  "model": "admin.logentry",
  "pk": 89,
  "fields": {
    "action_time": "2025-12-30T17:53:09.907Z",
    "user": 1,
    "content_type": 9,
    "object_id": "46",
    "object_repr": "Doreen Kasongole",
    "action_flag": 1,
    "change_message": "[{\"added\": {}}]"
  }
},
{
  "model": "admin.logentry",
  "pk": 90,
  "fields": {
    "action_time": "2025-12-30T17:53:17.682Z",
    "user": 1,
    "content_type": 9,
    "object_id": "47",
    "object_repr": "Robinson Kasongole",
    "action_flag": 1,
    "change_message": "[{\"added\": {}}]"
  }
},
{
  "model": "admin.logentry",
  "pk": 91,
  "fields": {
    "action_time": "2025-12-30T18:04:43.708Z",
    "user": 1,
    "content_type": 21,
    "object_id": "3",
    "object_repr": "Doctrine Worship and Evangelism (DWE)",
    "action_flag": 2,
    "change_message": "[{\"changed\": {\"fields\": [\"Name\"]}}]"
  }
},
{
  "model": "admin.logentry",
  "pk": 92,
  "fields": {
    "action_time": "2025-12-30T18:05:18.918Z",
    "user": 1,
    "content_type": 21,
    "object_id": "15",
    "object_repr": "Hospitality",
    "action_flag": 1,
    "change_message": "[{\"added\": {}}]"
  }
},
{
  "model": "admin.logentry",
  "pk": 93,
  "fields": {
    "action_time": "2025-12-30T18:07:09.405Z",
    "user": 1,
    "content_type": 21,
    "object_id": "15",
    "object_repr": "Hospitality",
    "action_flag": 3,
    "change_message": ""
  }
},
{
  "model": "admin.logentry",
  "pk": 94,
  "fields": {
    "action_time": "2025-12-30T18:07:23.083Z",
    "user": 1,
    "content_type": 21,
    "object_id": "13",
    "object_repr": "Catering and Hospitality",
    "action_flag": 2,
    "change_message": "[{\"changed\": {\"fields\": [\"Name\"]}}]"
  }
},
{
  "model": "admin.logentry",
  "pk": 95,
  "fields": {
    "action_time": "2025-12-30T18:08:57.408Z",
    "user": 1,
    "content_type": 18,
    "object_id": "5",
    "object_repr": "Boys Brigade (BB)",
    "action_flag": 2,
    "change_message": "[{\"changed\": {\"fields\": [\"Church\", \"Name\"]}}]"
  }
},
{
  "model": "admin.logentry",
  "pk": 96,
  "fields": {
    "action_time": "2025-12-30T18:09:48.802Z",
    "user": 1,
    "content_type": 18,
    "object_id": "8",
    "object_repr": "Kings Voice Chior",
    "action_flag": 2,
    "change_message": "[{\"changed\": {\"fields\": [\"Church\", \"Name\"]}}]"
  }
},
{
  "model": "admin.logentry",
  "pk": 97,
  "fields": {
    "action_time": "2025-12-30T18:10:07.306Z",
    "user": 1,
    "content_type": 18,
    "object_id": "9",
    "object_repr": "Joyful Singers Praise Team",
    "action_flag": 2,
    "change_message": "[{\"changed\": {\"fields\": [\"Church\", \"Name\"]}}]"
  }
},
{
  "model": "admin.logentry",
  "pk": 98,
  "fields": {
    "action_time": "2025-12-30T18:10:33.603Z",
    "user": 1,
    "content_type": 18,
    "object_id": "7",
    "object_repr": "Sunday School (SS)",
    "action_flag": 2,
    "change_message": "[{\"changed\": {\"fields\": [\"Church\", \"Name\"]}}]"
  }
},
{
  "model": "admin.logentry",
  "pk": 99,
  "fields": {
    "action_time": "2025-12-30T18:10:38.943Z",
    "user": 1,
    "content_type": 18,
    "object_id": "11",
    "object_repr": "Catechumen",
    "action_flag": 2,
    "change_message": "[{\"changed\": {\"fields\": [\"Church\"]}}]"
  }
},
{
  "model": "admin.logentry",
  "pk": 100,
  "fields": {
    "action_time": "2025-12-30T18:10:59.162Z",
    "user": 1,
    "content_type": 18,
    "object_id": "2",
    "object_repr": "Mens Christian Fellowship (MCF)",
    "action_flag": 2,
    "change_message": "[{\"changed\": {\"fields\": [\"Church\", \"Name\"]}}]"
  }
},
{
  "model": "admin.logentry",
  "pk": 101,
  "fields": {
    "action_time": "2025-12-30T18:15:05.695Z",
    "user": 1,
    "content_type": 33,
    "object_id": "3",
    "object_repr": "Synod - 10%",
    "action_flag": 1,
    "change_message": "[{\"added\": {}}]"
  }
},
{
  "model": "admin.logentry",
  "pk": 102,
  "fields": {
    "action_time": "2025-12-30T18:15:34.173Z",
    "user": 1,
    "content_type": 29,
    "object_id": "42",
    "object_repr": "Hardship",
    "action_flag": 1,
    "change_message": "[{\"added\": {}}]"
  }
},
{
  "model": "admin.logentry",
  "pk": 103,
  "fields": {
    "action_time": "2025-12-30T18:16:35.976Z",
    "user": 1,
    "content_type": 29,
    "object_id": "43",
    "object_repr": "Thanks Giving",
    "action_flag": 1,
    "change_message": "[{\"added\": {}}]"
  }
},
{
  "model": "admin.logentry",
  "pk": 104,
  "fields": {
    "action_time": "2025-12-30T18:17:01.310Z",
    "user": 1,
    "content_type": 33,
    "object_id": "3",
    "object_repr": "Synod - 10.00%",
    "action_flag": 2,
    "change_message": "[{\"changed\": {\"fields\": [\"Applicable to categories\"]}}]"
  }
},
{
  "model": "admin.logentry",
  "pk": 105,
  "fields": {
    "action_time": "2025-12-30T18:17:10.483Z",
    "user": 1,
    "content_type": 33,
    "object_id": "3",
    "object_repr": "Synod - 10.00%",
    "action_flag": 2,
    "change_message": "[]"
  }
},
{
  "model": "admin.logentry",
  "pk": 106,
  "fields": {
    "action_time": "2025-12-30T18:18:27.184Z",
    "user": 1,
    "content_type": 33,
    "object_id": "2",
    "object_repr": "Presbytery - 20.00%",
    "action_flag": 2,
    "change_message": "[{\"changed\": {\"fields\": [\"Church\", \"Percentage\", \"Applicable to categories\"]}}]"
  }
},
{
  "model": "admin.logentry",
  "pk": 107,
  "fields": {
    "action_time": "2025-12-30T18:20:02.003Z",
    "user": 1,
    "content_type": 33,
    "object_id": "1",
    "object_repr": "Consistory - 10.00%",
    "action_flag": 2,
    "change_message": "[{\"changed\": {\"fields\": [\"Percentage\", \"Applicable to categories\"]}}]"
  }
},
{
  "model": "admin.logentry",
  "pk": 108,
  "fields": {
    "action_time": "2025-12-30T18:21:11.448Z",
    "user": 1,
    "content_type": 33,
    "object_id": "2",
    "object_repr": "Presbytery - 20.00%",
    "action_flag": 2,
    "change_message": "[{\"changed\": {\"fields\": [\"Applicable to categories\"]}}]"
  }
},
{
  "model": "admin.logentry",
  "pk": 109,
  "fields": {
    "action_time": "2025-12-30T18:21:49.131Z",
    "user": 1,
    "content_type": 33,
    "object_id": "1",
    "object_repr": "Consistory - 10.00%",
    "action_flag": 2,
    "change_message": "[{\"changed\": {\"fields\": [\"Applicable to categories\"]}}]"
  }
},
{
  "model": "admin.logentry",
  "pk": 110,
  "fields": {
    "action_time": "2025-12-30T18:22:20.734Z",
    "user": 1,
    "content_type": 33,
    "object_id": "3",
    "object_repr": "Synod - 10.00%",
    "action_flag": 2,
    "change_message": "[{\"changed\": {\"fields\": [\"Applicable to categories\"]}}]"
  }
},
{
  "model": "admin.logentry",
  "pk": 111,
  "fields": {
    "action_time": "2025-12-30T18:29:49.875Z",
    "user": 1,
    "content_type": 43,
    "object_id": "32",
    "object_repr": "David Mulenga",
    "action_flag": 3,
    "change_message": ""
  }
},
{
  "model": "admin.logentry",
  "pk": 112,
  "fields": {
    "action_time": "2025-12-30T18:29:49.875Z",
    "user": 1,
    "content_type": 43,
    "object_id": "31",
    "object_repr": "Esther Chama",
    "action_flag": 3,
    "change_message": ""
  }
},
{
  "model": "admin.logentry",
  "pk": 113,
  "fields": {
    "action_time": "2025-12-30T18:29:49.875Z",
    "user": 1,
    "content_type": 43,
    "object_id": "30",
    "object_repr": "Chanda Sakala",
    "action_flag": 3,
    "change_message": ""
  }
},
{
  "model": "admin.logentry",
  "pk": 114,
  "fields": {
    "action_time": "2025-12-30T18:29:49.875Z",
    "user": 1,
    "content_type": 43,
    "object_id": "29",
    "object_repr": "Grace Lungu",
    "action_flag": 3,
    "change_message": ""
  }
},
{
  "model": "admin.logentry",
  "pk": 115,
  "fields": {
    "action_time": "2025-12-30T18:29:49.875Z",
    "user": 1,
    "content_type": 43,
    "object_id": "28",
    "object_repr": "Grace Phiri",
    "action_flag": 3,
    "change_message": ""
  }
},
{
  "model": "admin.logentry",
  "pk": 116,
  "fields": {
    "action_time": "2025-12-30T18:29:49.875Z",
    "user": 1,
    "content_type": 43,
    "object_id": "27",
    "object_repr": "Esther Lungu",
    "action_flag": 3,
    "change_message": ""
  }
},
{
  "model": "admin.logentry",
  "pk": 117,
  "fields": {
    "action_time": "2025-12-30T18:29:49.875Z",
    "user": 1,
    "content_type": 43,
    "object_id": "26",
    "object_repr": "Mary Sakala",
    "action_flag": 3,
    "change_message": ""
  }
},
{
  "model": "admin.logentry",
  "pk": 118,
  "fields": {
    "action_time": "2025-12-30T18:29:49.875Z",
    "user": 1,
    "content_type": 43,
    "object_id": "25",
    "object_repr": "Grace Tembo",
    "action_flag": 3,
    "change_message": ""
  }
},
{
  "model": "admin.logentry",
  "pk": 119,
  "fields": {
    "action_time": "2025-12-30T18:29:49.875Z",
    "user": 1,
    "content_type": 43,
    "object_id": "24",
    "object_repr": "Bwalya Zulu",
    "action_flag": 3,
    "change_message": ""
  }
},
{
  "model": "admin.logentry",
  "pk": 120,
  "fields": {
    "action_time": "2025-12-30T18:29:49.875Z",
    "user": 1,
    "content_type": 43,
    "object_id": "23",
    "object_repr": "Joseph Mulenga",
    "action_flag": 3,
    "change_message": ""
  }
},
{
  "model": "admin.logentry",
  "pk": 121,
  "fields": {
    "action_time": "2025-12-30T18:30:05.754Z",
    "user": 1,
    "content_type": 24,
    "object_id": "1",
    "object_repr": "Farming (Vegetables)",
    "action_flag": 3,
    "change_message": ""
  }
},
{
  "model": "admin.logentry",
  "pk": 122,
  "fields": {
    "action_time": "2025-12-30T18:30:30.334Z",
    "user": 1,
    "content_type": 37,
    "object_id": "5",
    "object_repr": "Harvest (2025-12-16)",
    "action_flag": 3,
    "change_message": ""
  }
},
{
  "model": "admin.logentry",
  "pk": 123,
  "fields": {
    "action_time": "2025-12-30T18:30:30.334Z",
    "user": 1,
    "content_type": 37,
    "object_id": "1",
    "object_repr": "Sunday Service (2025-12-17)",
    "action_flag": 3,
    "change_message": ""
  }
},
{
  "model": "admin.logentry",
  "pk": 124,
  "fields": {
    "action_time": "2025-12-30T18:30:30.334Z",
    "user": 1,
    "content_type": 37,
    "object_id": "2",
    "object_repr": "Youth Bible Study (2025-12-19)",
    "action_flag": 3,
    "change_message": ""
  }
},
{
  "model": "admin.logentry",
  "pk": 125,
  "fields": {
    "action_time": "2025-12-30T18:30:30.334Z",
    "user": 1,
    "content_type": 37,
    "object_id": "3",
    "object_repr": "Choir Rehearsal (2025-12-20)",
    "action_flag": 3,
    "change_message": ""
  }
},
{
  "model": "admin.logentry",
  "pk": 126,
  "fields": {
    "action_time": "2025-12-30T18:30:30.334Z",
    "user": 1,
    "content_type": 37,
    "object_id": "4",
    "object_repr": "Deacons Meeting (2025-12-22)",
    "action_flag": 3,
    "change_message": ""
  }
},
{
  "model": "admin.logentry",
  "pk": 127,
  "fields": {
    "action_time": "2025-12-30T18:30:50.292Z",
    "user": 1,
    "content_type": 48,
    "object_id": "2",
    "object_repr": "Maize (sold)",
    "action_flag": 3,
    "change_message": ""
  }
},
{
  "model": "admin.logentry",
  "pk": 128,
  "fields": {
    "action_time": "2025-12-30T18:30:50.292Z",
    "user": 1,
    "content_type": 48,
    "object_id": "1",
    "object_repr": "chibwabwa (sold)",
    "action_flag": 3,
    "change_message": ""
  }
},
{
  "model": "admin.logentry",
  "pk": 129,
  "fields": {
    "action_time": "2025-12-30T18:32:52.947Z",
    "user": 3,
    "content_type": 4,
    "object_id": "4",
    "object_repr": "chongokay",
    "action_flag": 2,
    "change_message": "[{\"changed\": {\"fields\": [\"Username\"]}}]"
  }
},
{
  "model": "admin.logentry",
  "pk": 130,
  "fields": {
    "action_time": "2025-12-30T18:45:31.422Z",
    "user": 4,
    "content_type": 7,
    "object_id": "13",
    "object_repr": "Elder-in-Charge",
    "action_flag": 1,
    "change_message": "[{\"added\": {}}]"
  }
},
{
  "model": "admin.logentry",
  "pk": 131,
  "fields": {
    "action_time": "2025-12-30T18:51:36.081Z",
    "user": 4,
    "content_type": 7,
    "object_id": "14",
    "object_repr": "WCF member",
    "action_flag": 1,
    "change_message": "[{\"added\": {}}]"
  }
},
{
  "model": "admin.logentry",
  "pk": 132,
  "fields": {
    "action_time": "2025-12-30T18:51:40.592Z",
    "user": 4,
    "content_type": 9,
    "object_id": "48",
    "object_repr": "Rachel Sinyangwe",
    "action_flag": 1,
    "change_message": "[{\"added\": {}}]"
  }
},
{
  "model": "admin.logentry",
  "pk": 133,
  "fields": {
    "action_time": "2025-12-30T18:55:41.437Z",
    "user": 4,
    "content_type": 9,
    "object_id": "48",
    "object_repr": "Clement Sinyangwe",
    "action_flag": 2,
    "change_message": "[{\"changed\": {\"fields\": [\"First name\", \"Middle name\", \"Gender\", \"Date of birth\", \"Photo\", \"Phone\", \"Email\", \"Place of work\", \"Date joined\", \"Transfer type\", \"Transfer from\", \"Current positions\", \"Partner\"]}}, {\"added\": {\"name\": \"dependent\", \"object\": \"Wiza Sinyangwe (Dependent of Clement Sinyangwe)\"}}]"
  }
},
{
  "model": "admin.logentry",
  "pk": 134,
  "fields": {
    "action_time": "2025-12-30T18:56:15.401Z",
    "user": 4,
    "content_type": 9,
    "object_id": "48",
    "object_repr": "Clement Sinyangwe",
    "action_flag": 3,
    "change_message": ""
  }
},
{
  "model": "admin.logentry",
  "pk": 135,
  "fields": {
    "action_time": "2025-12-30T18:58:36.730Z",
    "user": 4,
    "content_type": 9,
    "object_id": "49",
    "object_repr": "Rachel Sinyangwe",
    "action_flag": 1,
    "change_message": "[{\"added\": {}}]"
  }
},
{
  "model": "admin.logentry",
  "pk": 136,
  "fields": {
    "action_time": "2025-12-30T18:59:09.037Z",
    "user": 4,
    "content_type": 9,
    "object_id": "49",
    "object_repr": "Rachel Sinyangwe",
    "action_flag": 3,
    "change_message": ""
  }
},
{
  "model": "admin.logentry",
  "pk": 137,
  "fields": {
    "action_time": "2025-12-30T19:01:16.569Z",
    "user": 4,
    "content_type": 9,
    "object_id": "50",
    "object_repr": "Clement Sinyangwe",
    "action_flag": 1,
    "change_message": "[{\"added\": {}}]"
  }
},
{
  "model": "admin.logentry",
  "pk": 138,
  "fields": {
    "action_time": "2025-12-30T19:03:05.813Z",
    "user": 4,
    "content_type": 9,
    "object_id": "50",
    "object_repr": "Clement Sinyangwe",
    "action_flag": 3,
    "change_message": ""
  }
},
{
  "model": "admin.logentry",
  "pk": 139,
  "fields": {
    "action_time": "2025-12-30T19:03:09.639Z",
    "user": 4,
    "content_type": 9,
    "object_id": "51",
    "object_repr": "Rachel Sinyangwe",
    "action_flag": 1,
    "change_message": "[{\"added\": {}}]"
  }
},
{
  "model": "admin.logentry",
  "pk": 140,
  "fields": {
    "action_time": "2025-12-30T19:03:50.474Z",
    "user": 4,
    "content_type": 9,
    "object_id": "51",
    "object_repr": "Rachel Sinyangwe",
    "action_flag": 3,
    "change_message": ""
  }
},
{
  "model": "admin.logentry",
  "pk": 141,
  "fields": {
    "action_time": "2025-12-30T19:04:34.684Z",
    "user": 4,
    "content_type": 9,
    "object_id": "52",
    "object_repr": "Clement Sinyangwe",
    "action_flag": 1,
    "change_message": "[{\"added\": {}}]"
  }
},
{
  "model": "admin.logentry",
  "pk": 142,
  "fields": {
    "action_time": "2025-12-30T19:05:48.155Z",
    "user": 4,
    "content_type": 9,
    "object_id": "53",
    "object_repr": "Rachel Sinyangwe",
    "action_flag": 1,
    "change_message": "[{\"added\": {}}]"
  }
},
{
  "model": "admin.logentry",
  "pk": 143,
  "fields": {
    "action_time": "2025-12-30T19:05:58.397Z",
    "user": 4,
    "content_type": 9,
    "object_id": "52",
    "object_repr": "Clement Sinyangwe",
    "action_flag": 2,
    "change_message": "[{\"changed\": {\"fields\": [\"Partner\"]}}]"
  }
},
{
  "model": "admin.logentry",
  "pk": 144,
  "fields": {
    "action_time": "2025-12-30T19:06:09.748Z",
    "user": 4,
    "content_type": 9,
    "object_id": "53",
    "object_repr": "Rachel Sinyangwe",
    "action_flag": 2,
    "change_message": "[{\"changed\": {\"fields\": [\"Partner\"]}}]"
  }
},
{
  "model": "admin.logentry",
  "pk": 145,
  "fields": {
    "action_time": "2025-12-30T19:06:21.359Z",
    "user": 4,
    "content_type": 9,
    "object_id": "46",
    "object_repr": "Doreen Kasongole",
    "action_flag": 2,
    "change_message": "[{\"changed\": {\"fields\": [\"Partner\"]}}]"
  }
},
{
  "model": "admin.logentry",
  "pk": 146,
  "fields": {
    "action_time": "2025-12-30T19:07:31.058Z",
    "user": 4,
    "content_type": 9,
    "object_id": "47",
    "object_repr": "Robinson Kasongole",
    "action_flag": 2,
    "change_message": "[{\"changed\": {\"fields\": [\"Current positions\"]}}]"
  }
},
{
  "model": "admin.logentry",
  "pk": 147,
  "fields": {
    "action_time": "2025-12-30T19:08:05.297Z",
    "user": 4,
    "content_type": 7,
    "object_id": "15",
    "object_repr": "Girls Brigade Member",
    "action_flag": 1,
    "change_message": "[{\"added\": {}}]"
  }
},
{
  "model": "admin.logentry",
  "pk": 148,
  "fields": {
    "action_time": "2025-12-30T19:08:09.162Z",
    "user": 4,
    "content_type": 9,
    "object_id": "46",
    "object_repr": "Doreen Kasongole",
    "action_flag": 2,
    "change_message": "[{\"changed\": {\"fields\": [\"Current positions\"]}}]"
  }
},
{
  "model": "admin.logentry",
  "pk": 149,
  "fields": {
    "action_time": "2025-12-30T19:10:06.243Z",
    "user": 4,
    "content_type": 57,
    "object_id": "2",
    "object_repr": "full_backup_20251218_213947.zip (2025-12-18 19:39)",
    "action_flag": 3,
    "change_message": ""
  }
},
{
  "model": "admin.logentry",
  "pk": 150,
  "fields": {
    "action_time": "2025-12-30T19:10:06.243Z",
    "user": 4,
    "content_type": 57,
    "object_id": "1",
    "object_repr": "full_backup_20251218_213551.zip (2025-12-18 19:35)",
    "action_flag": 3,
    "change_message": ""
  }
},
{
  "model": "admin.logentry",
  "pk": 151,
  "fields": {
    "action_time": "2025-12-30T19:11:23.439Z",
    "user": 4,
    "content_type": 39,
    "object_id": "4",
    "object_repr": "Budget 2026 (draft)",
    "action_flag": 3,
    "change_message": ""
  }
},
{
  "model": "admin.logentry",
  "pk": 152,
  "fields": {
    "action_time": "2025-12-30T19:11:23.439Z",
    "user": 4,
    "content_type": 39,
    "object_id": "1",
    "object_repr": "Budget 2025 (draft)",
    "action_flag": 3,
    "change_message": ""
  }
},
{
  "model": "admin.logentry",
  "pk": 153,
  "fields": {
    "action_time": "2025-12-30T19:11:23.440Z",
    "user": 4,
    "content_type": 39,
    "object_id": "2",
    "object_repr": "Budget 2024 (draft)",
    "action_flag": 3,
    "change_message": ""
  }
},
{
  "model": "admin.logentry",
  "pk": 154,
  "fields": {
    "action_time": "2025-12-30T19:11:23.440Z",
    "user": 4,
    "content_type": 39,
    "object_id": "3",
    "object_repr": "Budget 2023 (draft)",
    "action_flag": 3,
    "change_message": ""
  }
},
{
  "model": "admin.logentry",
  "pk": 155,
  "fields": {
    "action_time": "2026-01-03T17:10:32.244Z",
    "user": 4,
    "content_type": 39,
    "object_id": "1",
    "object_repr": "Budget 2026 (Draft (Open for Edits))",
    "action_flag": 1,
    "change_message": "[{\"added\": {}}]"
  }
},
{
  "model": "admin.logentry",
  "pk": 156,
  "fields": {
    "action_time": "2026-01-03T17:12:39.749Z",
    "user": 4,
    "content_type": 39,
    "object_id": "1",
    "object_repr": "Budget 2026 (Draft (Open for Edits))",
    "action_flag": 3,
    "change_message": ""
  }
},
{
  "model": "admin.logentry",
  "pk": 157,
  "fields": {
    "action_time": "2026-01-18T11:03:45.683Z",
    "user": 3,
    "content_type": 29,
    "object_id": "44",
    "object_repr": "Mission Assessment",
    "action_flag": 1,
    "change_message": "[{\"added\": {}}]"
  }
},
{
  "model": "admin.logentry",
  "pk": 158,
  "fields": {
    "action_time": "2026-01-18T11:12:43.232Z",
    "user": 3,
    "content_type": 24,
    "object_id": "2",
    "object_repr": "Construction of Ablution Block",
    "action_flag": 1,
    "change_message": "[{\"added\": {}}]"
  }
},
{
  "model": "admin.logentry",
  "pk": 159,
  "fields": {
    "action_time": "2026-01-18T11:20:31.320Z",
    "user": 3,
    "content_type": 39,
    "object_id": "4",
    "object_repr": "Budget 2026 (Draft (Open for Edits))",
    "action_flag": 3,
    "change_message": ""
  }
},
{
  "model": "admin.logentry",
  "pk": 160,
  "fields": {
    "action_time": "2026-01-18T11:20:31.320Z",
    "user": 3,
    "content_type": 39,
    "object_id": "3",
    "object_repr": "Budget 2025 (Draft (Open for Edits))",
    "action_flag": 3,
    "change_message": ""
  }
},
{
  "model": "admin.logentry",
  "pk": 161,
  "fields": {
    "action_time": "2026-01-18T11:20:31.320Z",
    "user": 3,
    "content_type": 39,
    "object_id": "2",
    "object_repr": "Budget 2024 (Draft (Open for Edits))",
    "action_flag": 3,
    "change_message": ""
  }
},
{
  "model": "admin.logentry",
  "pk": 162,
  "fields": {
    "action_time": "2026-01-18T11:28:34.035Z",
    "user": 3,
    "content_type": 29,
    "object_id": "45",
    "object_repr": "Nambala Section",
    "action_flag": 1,
    "change_message": "[{\"added\": {}}]"
  }
},
{
  "model": "admin.logentry",
  "pk": 163,
  "fields": {
    "action_time": "2026-01-18T11:28:54.460Z",
    "user": 3,
    "content_type": 29,
    "object_id": "46",
    "object_repr": "Chipembi Secction",
    "action_flag": 1,
    "change_message": "[{\"added\": {}}]"
  }
},
{
  "model": "admin.logentry",
  "pk": 164,
  "fields": {
    "action_time": "2026-01-18T11:29:07.373Z",
    "user": 3,
    "content_type": 29,
    "object_id": "47",
    "object_repr": "Mwandi Section",
    "action_flag": 1,
    "change_message": "[{\"added\": {}}]"
  }
},
{
  "model": "admin.logentry",
  "pk": 165,
  "fields": {
    "action_time": "2026-01-18T11:29:21.273Z",
    "user": 3,
    "content_type": 29,
    "object_id": "48",
    "object_repr": "Mwenzo Section",
    "action_flag": 1,
    "change_message": "[{\"added\": {}}]"
  }
},
{
  "model": "auth.user",
  "pk": 1,
  "fields": {
    "password": "pbkdf2_sha256$1000000$ccZt3oYZ4QGblIVT6DzTNc$hEUv3FeX1IdF04KtjXCvqP8BFO+fG/q3F7JHBwRLylw=",
    "last_login": "2025-12-30T17:31:13.539Z",
    "is_superuser": true,
    "username": "elisha",
    "first_name": "elisha",
    "last_name": "",
    "email": "elisha@gmail.com",
    "is_staff": true,
    "is_active": true,
    "date_joined": "2025-12-12T13:59:08Z",
    "groups": [],
    "user_permissions": []
  }
},
{
  "model": "auth.user",
  "pk": 2,
  "fields": {
    "password": "pbkdf2_sha256$1200000$BlZHgVKEiX8hhsifeNxvoR$UO0mpwRnnARRzB7nODxhDSb1iEcH3/JsLlRSICvy21g=",
    "last_login": null,
    "is_superuser": true,
    "username": "admin",
    "first_name": "admin",
    "last_name": "administrator",
    "email": "admin@church.org",
    "is_staff": true,
    "is_active": true,
    "date_joined": "2025-12-12T14:31:47Z",
    "groups": [],
    "user_permissions": []
  }
},
{
  "model": "auth.user",
  "pk": 3,
  "fields": {
    "password": "pbkdf2_sha256$1000000$AfFiLAHUynL1tWpHdrUDpA$ZSrKoG0qvrw1q4x9Xppd4BFj0GfUlFZ7QFLhlSSrDpU=",
    "last_login": "2026-01-18T10:50:53.007Z",
    "is_superuser": true,
    "username": "clement",
    "first_name": "Clement",
    "last_name": "Sinyangwe",
    "email": "clementsinyangwe1@gmail.com",
    "is_staff": true,
    "is_active": true,
    "date_joined": "2025-12-12T15:02:37Z",
    "groups": [],
    "user_permissions": [
      1,
      2,
      3,
      4,
      49,
      50,
      51,
      52,
      53,
      54,
      55,
      56,
      57,
      58,
      59,
      60,
      61,
      62,
      63,
      64,
      65,
      66,
      67,
      68,
      9,
      10,
      11,
      12,
      5,
      6,
      7,
      8,
      13,
      14,
      15,
      16,
      81,
      82,
      83,
      84,
      85,
      86,
      87,
      88,
      89,
      90,
      91,
      92,
      17,
      18,
      19,
      20,
      121,
      122,
      123,
      124,
      105,
      106,
      107,
      108,
      117,
      118,
      119,
      120,
      109,
      110,
      111,
      112,
      125,
      126,
      127,
      128,
      113,
      114,
      115,
      116,
      133,
      134,
      135,
      136,
      129,
      130,
      131,
      132,
      69,
      70,
      71,
      72,
      73,
      74,
      75,
      76,
      77,
      78,
      79,
      80,
      37,
      38,
      39,
      40,
      33,
      34,
      35,
      36,
      41,
      42,
      43,
      44,
      25,
      26,
      27,
      28,
      45,
      46,
      47,
      48,
      29,
      30,
      31,
      32,
      93,
      94,
      95,
      96,
      97,
      98,
      99,
      100,
      101,
      102,
      103,
      104,
      137,
      138,
      139,
      140,
      141,
      142,
      143,
      144,
      21,
      22,
      23,
      24
    ]
  }
},
{
  "model": "auth.user",
  "pk": 4,
  "fields": {
    "password": "pbkdf2_sha256$1000000$DIi54xsXeq21oyFhMPzlfe$Sc2GZuiMvQyyUxi51fZSBV2PqxBbpq9iIus+wBR1hic=",
    "last_login": "2025-12-30T18:33:27.293Z",
    "is_superuser": true,
    "username": "chongokay",
    "first_name": "Robinson",
    "last_name": "Kasongole",
    "email": "chongo.ckay65@gmail.com",
    "is_staff": true,
    "is_active": true,
    "date_joined": "2025-12-15T21:23:51Z",
    "groups": [],
    "user_permissions": [
      1,
      2,
      3,
      4,
      49,
      50,
      51,
      52,
      53,
      54,
      55,
      56,
      57,
      58,
      59,
      60,
      61,
      62,
      63,
      64,
      65,
      66,
      67,
      68,
      9,
      10,
      11,
      12,
      5,
      6,
      7,
      8,
      13,
      14,
      15,
      16,
      81,
      82,
      83,
      84,
      85,
      86,
      87,
      88,
      89,
      90,
      91,
      92,
      17,
      18,
      19,
      20,
      225,
      226,
      227,
      228,
      229,
      230,
      231,
      232,
      217,
      218,
      219,
      220,
      221,
      222,
      223,
      224,
      153,
      154,
      155,
      156,
      121,
      122,
      123,
      124,
      209,
      210,
      211,
      212,
      213,
      214,
      215,
      216,
      105,
      106,
      107,
      108,
      157,
      158,
      159,
      160,
      161,
      162,
      163,
      164,
      117,
      118,
      119,
      120,
      109,
      110,
      111,
      112,
      125,
      126,
      127,
      128,
      113,
      114,
      115,
      116,
      133,
      134,
      135,
      136,
      129,
      130,
      131,
      132,
      69,
      70,
      71,
      72,
      73,
      74,
      75,
      76,
      77,
      78,
      79,
      80,
      169,
      170,
      171,
      172,
      177,
      178,
      179,
      180,
      165,
      166,
      167,
      168,
      173,
      174,
      175,
      176,
      37,
      38,
      39,
      40,
      33,
      34,
      35,
      36,
      41,
      42,
      43,
      44,
      25,
      26,
      27,
      28,
      45,
      46,
      47,
      48,
      29,
      30,
      31,
      32,
      145,
      146,
      147,
      148,
      149,
      150,
      151,
      152,
      185,
      186,
      187,
      188,
      205,
      206,
      207,
      208,
      181,
      182,
      183,
      184,
      93,
      94,
      95,
      96,
      97,
      98,
      99,
      100,
      101,
      102,
      103,
      104,
      137,
      138,
      139,
      140,
      141,
      142,
      143,
      144,
      21,
      22,
      23,
      24,
      201,
      202,
      203,
      204,
      189,
      190,
      191,
      192,
      197,
      198,
      199,
      200,
      193,
      194,
      195,
      196
    ]
  }
},
{
  "model": "core.church",
  "pk": 1,
  "fields": {
    "name": "Silverest Congregation",
    "slug": "silverest-congregation",
    "address": "2nd Street Silverst, Off Great East Road, Chongwe",
    "phone": "",
    "email": "info.ucz.silverest@gmail.com",
    "logo": "church_logos/uczlogo.jpg",
    "is_active": true,
    "created_at": "2025-12-30T17:37:57.127Z",
    "updated_at": "2025-12-30T17:37:57.127Z"
  }
},
{
  "model": "core.backup",
  "pk": 3,
  "fields": {
    "filename": "full_backup_20251230_203420.zip",
    "absolute_path": "D:\\CHAU\\DevOps\\church\\backups\\full_backup_20251230_203420.zip",
    "created_at": "2025-12-30T18:34:20.240Z",
    "created_by": 4,
    "file_size": 311469,
    "backup_type": "full",
    "status": "completed",
    "notes": ""
  }
},
{
  "model": "core.backup",
  "pk": 4,
  "fields": {
    "filename": "full_backup_20251230_210945.zip",
    "absolute_path": "D:\\CHAU\\DevOps\\church\\backups\\full_backup_20251230_210945.zip",
    "created_at": "2025-12-30T19:09:45.766Z",
    "created_by": 4,
    "file_size": 1731097,
    "backup_type": "full",
    "status": "completed",
    "notes": ""
  }
},
{
  "model": "core.backup",
  "pk": 5,
  "fields": {
    "filename": "full_backup_20260118_133022.zip",
    "absolute_path": "D:\\CHAU\\DevOps\\church\\backups\\full_backup_20260118_133022.zip",
    "created_at": "2026-01-18T11:30:22.097Z",
    "created_by": 3,
    "file_size": 0,
    "backup_type": "full",
    "status": "in_progress",
    "notes": ""
  }
},
{
  "model": "core.backupconfiguration",
  "pk": 1,
  "fields": {
    "auto_backup_enabled": false,
    "frequency": "daily",
    "preferred_time": "00:00:00",
    "storage_path": null,
    "backup_type": "full",
    "last_run": null,
    "next_run": null
  }
},
{
  "model": "membership.section",
  "pk": 9,
  "fields": {
    "church": null,
    "name": "Nambala",
    "description": "",
    "created_at": "2025-12-15T21:27:06.137Z"
  }
},
{
  "model": "membership.section",
  "pk": 10,
  "fields": {
    "church": null,
    "name": "Chipembi",
    "description": "",
    "created_at": "2025-12-15T21:27:23.103Z"
  }
},
{
  "model": "membership.section",
  "pk": 11,
  "fields": {
    "church": null,
    "name": "Mwenzo",
    "description": "",
    "created_at": "2025-12-15T21:27:35.371Z"
  }
},
{
  "model": "membership.section",
  "pk": 12,
  "fields": {
    "church": null,
    "name": "Mwandi",
    "description": "",
    "created_at": "2025-12-15T21:29:17.199Z"
  }
},
{
  "model": "membership.position",
  "pk": 1,
  "fields": {
    "church": null,
    "title": "Pastor",
    "description": "Senior pastor of the church",
    "level": "congregation"
  }
},
{
  "model": "membership.position",
  "pk": 2,
  "fields": {
    "church": null,
    "title": "Elder",
    "description": "Church elder",
    "level": "congregation"
  }
},
{
  "model": "membership.position",
  "pk": 3,
  "fields": {
    "church": null,
    "title": "Deacon",
    "description": "Church deacon",
    "level": "congregation"
  }
},
{
  "model": "membership.position",
  "pk": 4,
  "fields": {
    "church": null,
    "title": "Secretary",
    "description": "Church secretary",
    "level": "congregation"
  }
},
{
  "model": "membership.position",
  "pk": 5,
  "fields": {
    "church": null,
    "title": "Treasurer",
    "description": "Church treasurer",
    "level": "congregation"
  }
},
{
  "model": "membership.position",
  "pk": 6,
  "fields": {
    "church": null,
    "title": "Section Leader",
    "description": "Leader of a church section",
    "level": "section"
  }
},
{
  "model": "membership.position",
  "pk": 7,
  "fields": {
    "church": null,
    "title": "Committee Chair",
    "description": "Chairperson of committee",
    "level": "committee"
  }
},
{
  "model": "membership.position",
  "pk": 8,
  "fields": {
    "church": null,
    "title": "Group Leader",
    "description": "Leader of a church group",
    "level": "group"
  }
},
{
  "model": "membership.position",
  "pk": 9,
  "fields": {
    "church": null,
    "title": "Choir Director",
    "description": "Director of church choir",
    "level": "section"
  }
},
{
  "model": "membership.position",
  "pk": 10,
  "fields": {
    "church": null,
    "title": "Youth Leader",
    "description": "Leader of youth fellowship",
    "level": "section"
  }
},
{
  "model": "membership.position",
  "pk": 11,
  "fields": {
    "church": 1,
    "title": "Congregation Secretary",
    "description": "",
    "level": "congregation"
  }
},
{
  "model": "membership.position",
  "pk": 12,
  "fields": {
    "church": 1,
    "title": "Member",
    "description": "",
    "level": "congregation"
  }
},
{
  "model": "membership.position",
  "pk": 13,
  "fields": {
    "church": 1,
    "title": "Elder-in-Charge",
    "description": "",
    "level": "section"
  }
},
{
  "model": "membership.position",
  "pk": 14,
  "fields": {
    "church": 1,
    "title": "WCF member",
    "description": "",
    "level": "congregation"
  }
},
{
  "model": "membership.position",
  "pk": 15,
  "fields": {
    "church": 1,
    "title": "Girls Brigade Member",
    "description": "",
    "level": "group"
  }
},
{
  "model": "membership.member",
  "pk": 46,
  "fields": {
    "church": null,
    "membership_number": "UCZ-00001",
    "first_name": "Doreen",
    "middle_name": "Namukolo",
    "last_name": "Kasongole",
    "gender": "F",
    "date_of_birth": "1970-10-16",
    "phone": "0977887746",
    "email": "namukolokofi1970@gmail.com",
    "address": "Plot 23472/m Off Great",
    "place_of_work": "Self Employed",
    "section": 11,
    "membership_status": "communicant",
    "date_joined": "2024-06-30",
    "transfer_type": "other_transfer",
    "transfer_from": "SDA",
    "partner": 47,
    "photo": "members/photos/Mrs_ckay.png",
    "created_at": "2025-12-30T17:53:09.611Z",
    "updated_at": "2025-12-30T19:08:09.158Z",
    "created_by": null,
    "current_positions": [
      15
    ]
  }
},
{
  "model": "membership.member",
  "pk": 47,
  "fields": {
    "church": null,
    "membership_number": "UCZ-00002",
    "first_name": "Robinson",
    "middle_name": "Chongo",
    "last_name": "Kasongole",
    "gender": "M",
    "date_of_birth": "1964-03-02",
    "phone": "0974846767",
    "email": "info.ucz.silverest@gmail.com",
    "address": "2nd Street Silverst, Off Great East Road, Chongwe",
    "place_of_work": "Self Employed",
    "section": 11,
    "membership_status": "communicant",
    "date_joined": "1985-06-30",
    "transfer_type": "ucz_transfer",
    "transfer_from": "",
    "partner": 46,
    "photo": "members/photos/Ckay.png",
    "created_at": "2025-12-30T17:53:17.680Z",
    "updated_at": "2025-12-30T19:07:31.054Z",
    "created_by": null,
    "current_positions": [
      11,
      2
    ]
  }
},
{
  "model": "membership.member",
  "pk": 52,
  "fields": {
    "church": null,
    "membership_number": "UCZ-00003",
    "first_name": "Clement",
    "middle_name": "Mulenga",
    "last_name": "Sinyangwe",
    "gender": "M",
    "date_of_birth": "1978-02-26",
    "phone": "0976126775",
    "email": "clementsinyangwe1@gmail.com",
    "address": "Plot 24755/M, 1st Street Off great east Road, Silverest.",
    "place_of_work": "Chalimbana University",
    "section": 9,
    "membership_status": "communicant",
    "date_joined": "1991-12-30",
    "transfer_type": "new",
    "transfer_from": "",
    "partner": 53,
    "photo": "members/photos/Clement_v4NqDhG.JPG",
    "created_at": "2025-12-30T19:04:34.387Z",
    "updated_at": "2025-12-30T19:05:58.394Z",
    "created_by": null,
    "current_positions": [
      13,
      8
    ]
  }
},
{
  "model": "membership.member",
  "pk": 53,
  "fields": {
    "church": null,
    "membership_number": "UCZ-00004",
    "first_name": "Rachel",
    "middle_name": "Mwale",
    "last_name": "Sinyangwe",
    "gender": "F",
    "date_of_birth": "1980-03-16",
    "phone": "0974021210",
    "email": "chumar2003@yahoo.co.uk",
    "address": "Plot 24755/M, 1st Street Off great east Road, Silverest.\r\nZambia Daily Mail Po Box 31421, Lusaka",
    "place_of_work": "Zambia Daily Mail",
    "section": 9,
    "membership_status": "communicant",
    "date_joined": "2021-08-12",
    "transfer_type": "other_transfer",
    "transfer_from": "Catholic",
    "partner": 52,
    "photo": "members/photos/rac_cpLNEnz.png",
    "created_at": "2025-12-30T19:05:48.147Z",
    "updated_at": "2025-12-30T19:06:09.746Z",
    "created_by": null,
    "current_positions": [
      14
    ]
  }
},
{
  "model": "administration.department",
  "pk": 1,
  "fields": {
    "church": 1,
    "name": "Music & Praise",
    "description": "",
    "head": null,
    "is_active": true,
    "created_at": "2026-01-03T17:31:20.818Z",
    "updated_at": "2026-01-03T17:31:20.818Z"
  }
},
{
  "model": "administration.department",
  "pk": 2,
  "fields": {
    "church": 1,
    "name": "Youth Ministry",
    "description": "",
    "head": null,
    "is_active": true,
    "created_at": "2026-01-03T17:31:20.994Z",
    "updated_at": "2026-01-03T17:31:20.994Z"
  }
},
{
  "model": "administration.department",
  "pk": 3,
  "fields": {
    "church": 1,
    "name": "Women Fellowship",
    "description": "",
    "head": null,
    "is_active": true,
    "created_at": "2026-01-03T17:31:21.077Z",
    "updated_at": "2026-01-03T17:31:21.077Z"
  }
},
{
  "model": "administration.department",
  "pk": 4,
  "fields": {
    "church": 1,
    "name": "Men Fellowship",
    "description": "",
    "head": null,
    "is_active": true,
    "created_at": "2026-01-03T17:31:21.161Z",
    "updated_at": "2026-01-03T17:31:21.161Z"
  }
},
{
  "model": "administration.department",
  "pk": 5,
  "fields": {
    "church": 1,
    "name": "Sunday School",
    "description": "",
    "head": null,
    "is_active": true,
    "created_at": "2026-01-03T17:31:21.247Z",
    "updated_at": "2026-01-03T17:31:21.247Z"
  }
},
{
  "model": "administration.department",
  "pk": 6,
  "fields": {
    "church": 1,
    "name": "Building & Projects",
    "description": "",
    "head": null,
    "is_active": true,
    "created_at": "2026-01-03T17:31:21.331Z",
    "updated_at": "2026-01-03T17:31:21.331Z"
  }
},
{
  "model": "administration.department",
  "pk": 7,
  "fields": {
    "church": 1,
    "name": "Evangelism",
    "description": "",
    "head": null,
    "is_active": true,
    "created_at": "2026-01-03T17:31:21.418Z",
    "updated_at": "2026-01-03T17:31:21.418Z"
  }
},
{
  "model": "groups.group",
  "pk": 2,
  "fields": {
    "church": 1,
    "name": "Mens Christian Fellowship (MCF)",
    "description": "",
    "meeting_schedule": "",
    "created_at": "2025-12-16T19:41:22.573Z",
    "updated_at": "2025-12-30T18:10:59.161Z"
  }
},
{
  "model": "groups.group",
  "pk": 3,
  "fields": {
    "church": null,
    "name": "Young Christian Fellowship (YCF)",
    "description": "",
    "meeting_schedule": "",
    "created_at": "2025-12-16T19:41:22.741Z",
    "updated_at": "2025-12-16T19:41:22.741Z"
  }
},
{
  "model": "groups.group",
  "pk": 4,
  "fields": {
    "church": null,
    "name": "Womens Christian Fellowship (WCF)",
    "description": "",
    "meeting_schedule": "",
    "created_at": "2025-12-16T19:41:22.835Z",
    "updated_at": "2025-12-16T19:41:52.471Z"
  }
},
{
  "model": "groups.group",
  "pk": 5,
  "fields": {
    "church": 1,
    "name": "Boys Brigade (BB)",
    "description": "",
    "meeting_schedule": "",
    "created_at": "2025-12-16T19:41:22.910Z",
    "updated_at": "2025-12-30T18:08:57.406Z"
  }
},
{
  "model": "groups.group",
  "pk": 6,
  "fields": {
    "church": null,
    "name": "Girls Brigade",
    "description": "",
    "meeting_schedule": "",
    "created_at": "2025-12-16T19:41:22.995Z",
    "updated_at": "2025-12-16T19:41:22.995Z"
  }
},
{
  "model": "groups.group",
  "pk": 7,
  "fields": {
    "church": 1,
    "name": "Sunday School (SS)",
    "description": "",
    "meeting_schedule": "",
    "created_at": "2025-12-16T19:41:23.081Z",
    "updated_at": "2025-12-30T18:10:33.588Z"
  }
},
{
  "model": "groups.group",
  "pk": 8,
  "fields": {
    "church": 1,
    "name": "Kings Voice Chior",
    "description": "",
    "meeting_schedule": "",
    "created_at": "2025-12-16T19:41:23.166Z",
    "updated_at": "2025-12-30T18:09:48.800Z"
  }
},
{
  "model": "groups.group",
  "pk": 9,
  "fields": {
    "church": 1,
    "name": "Joyful Singers Praise Team",
    "description": "",
    "meeting_schedule": "",
    "created_at": "2025-12-16T19:41:23.250Z",
    "updated_at": "2025-12-30T18:10:07.304Z"
  }
},
{
  "model": "groups.group",
  "pk": 10,
  "fields": {
    "church": null,
    "name": "Intercessors",
    "description": "",
    "meeting_schedule": "",
    "created_at": "2025-12-16T19:41:23.336Z",
    "updated_at": "2025-12-16T19:41:23.336Z"
  }
},
{
  "model": "groups.group",
  "pk": 11,
  "fields": {
    "church": 1,
    "name": "Catechumen",
    "description": "",
    "meeting_schedule": "",
    "created_at": "2025-12-16T19:41:23.424Z",
    "updated_at": "2025-12-30T18:10:38.942Z"
  }
},
{
  "model": "committees.committee",
  "pk": 2,
  "fields": {
    "church": null,
    "name": "Stewardship",
    "description": "",
    "meeting_schedule": "",
    "created_at": "2025-12-16T19:31:31.441Z",
    "updated_at": "2025-12-16T19:31:31.441Z"
  }
},
{
  "model": "committees.committee",
  "pk": 3,
  "fields": {
    "church": null,
    "name": "Doctrine Worship and Evangelism (DWE)",
    "description": "",
    "meeting_schedule": "",
    "created_at": "2025-12-16T19:31:31.610Z",
    "updated_at": "2025-12-30T18:04:43.401Z"
  }
},
{
  "model": "committees.committee",
  "pk": 4,
  "fields": {
    "church": null,
    "name": "Church Planning, Development and Projects  (CPDPC)",
    "description": "",
    "meeting_schedule": "",
    "created_at": "2025-12-16T19:31:31.695Z",
    "updated_at": "2025-12-16T19:31:31.695Z"
  }
},
{
  "model": "committees.committee",
  "pk": 5,
  "fields": {
    "church": null,
    "name": "Fundraising",
    "description": "",
    "meeting_schedule": "",
    "created_at": "2025-12-16T19:31:31.780Z",
    "updated_at": "2025-12-16T19:31:31.780Z"
  }
},
{
  "model": "committees.committee",
  "pk": 6,
  "fields": {
    "church": null,
    "name": "Marriage and Guidance",
    "description": "",
    "meeting_schedule": "",
    "created_at": "2025-12-16T19:31:31.865Z",
    "updated_at": "2025-12-16T19:31:31.865Z"
  }
},
{
  "model": "committees.committee",
  "pk": 7,
  "fields": {
    "church": null,
    "name": "Community Development and Social Justice (CDSJ)",
    "description": "",
    "meeting_schedule": "",
    "created_at": "2025-12-16T19:31:31.951Z",
    "updated_at": "2025-12-16T19:31:31.951Z"
  }
},
{
  "model": "committees.committee",
  "pk": 8,
  "fields": {
    "church": null,
    "name": "Communications and Literature (CT)",
    "description": "",
    "meeting_schedule": "",
    "created_at": "2025-12-16T19:31:32.035Z",
    "updated_at": "2025-12-16T19:31:32.035Z"
  }
},
{
  "model": "committees.committee",
  "pk": 9,
  "fields": {
    "church": null,
    "name": "Funerals",
    "description": "",
    "meeting_schedule": "",
    "created_at": "2025-12-16T19:31:32.121Z",
    "updated_at": "2025-12-16T19:31:32.121Z"
  }
},
{
  "model": "committees.committee",
  "pk": 10,
  "fields": {
    "church": null,
    "name": "Church Training (CTC)",
    "description": "",
    "meeting_schedule": "",
    "created_at": "2025-12-16T19:31:32.216Z",
    "updated_at": "2025-12-16T19:31:32.216Z"
  }
},
{
  "model": "committees.committee",
  "pk": 11,
  "fields": {
    "church": null,
    "name": "Lay Preachers",
    "description": "",
    "meeting_schedule": "",
    "created_at": "2025-12-16T19:31:32.345Z",
    "updated_at": "2025-12-16T19:31:32.345Z"
  }
},
{
  "model": "committees.committee",
  "pk": 12,
  "fields": {
    "church": null,
    "name": "Church Rules and Regulations (CRR)",
    "description": "",
    "meeting_schedule": "",
    "created_at": "2025-12-16T19:31:32.431Z",
    "updated_at": "2025-12-16T19:31:32.431Z"
  }
},
{
  "model": "committees.committee",
  "pk": 13,
  "fields": {
    "church": null,
    "name": "Catering and Hospitality",
    "description": "",
    "meeting_schedule": "",
    "created_at": "2025-12-16T19:31:32.516Z",
    "updated_at": "2025-12-30T18:07:23.082Z"
  }
},
{
  "model": "committees.committee",
  "pk": 14,
  "fields": {
    "church": null,
    "name": "Finance",
    "description": "",
    "meeting_schedule": "",
    "created_at": "2025-12-16T19:31:32.602Z",
    "updated_at": "2025-12-16T19:31:32.602Z"
  }
},
{
  "model": "projects.project",
  "pk": 2,
  "fields": {
    "church": 1,
    "name": "Construction of Ablution Block",
    "description": "construction of an ablution block to carter for increased number of memberships",
    "funding_type": "internal",
    "total_budget": "450000.00",
    "spent_amount": "0.00",
    "status": "approved",
    "start_date": "2026-01-18",
    "expected_completion_date": "2026-03-31",
    "actual_completion_date": null,
    "created_at": "2026-01-18T11:12:42.927Z",
    "updated_at": "2026-01-18T11:12:42.927Z"
  }
},
{
  "model": "finance.incomecategory",
  "pk": 1,
  "fields": {
    "church": null,
    "name": "Sunday Offering",
    "description": "",
    "is_active": true
  }
},
{
  "model": "finance.incomecategory",
  "pk": 2,
  "fields": {
    "church": null,
    "name": "Tithe",
    "description": "",
    "is_active": true
  }
},
{
  "model": "finance.incomecategory",
  "pk": 3,
  "fields": {
    "church": null,
    "name": "Envelopes",
    "description": "",
    "is_active": true
  }
},
{
  "model": "finance.incomecategory",
  "pk": 4,
  "fields": {
    "church": null,
    "name": "Dry Harvest",
    "description": "",
    "is_active": true
  }
},
{
  "model": "finance.incomecategory",
  "pk": 5,
  "fields": {
    "church": null,
    "name": "Loose Offering",
    "description": "",
    "is_active": true
  }
},
{
  "model": "finance.incomecategory",
  "pk": 6,
  "fields": {
    "church": null,
    "name": "Special Offering",
    "description": "",
    "is_active": true
  }
},
{
  "model": "finance.incomecategory",
  "pk": 7,
  "fields": {
    "church": null,
    "name": "Other Offering",
    "description": "",
    "is_active": true
  }
},
{
  "model": "finance.incomecategory",
  "pk": 8,
  "fields": {
    "church": null,
    "name": "Holy Communion",
    "description": "",
    "is_active": true
  }
},
{
  "model": "finance.incomecategory",
  "pk": 9,
  "fields": {
    "church": null,
    "name": "Appeals",
    "description": "",
    "is_active": true
  }
},
{
  "model": "finance.incomecategory",
  "pk": 10,
  "fields": {
    "church": null,
    "name": "Good Friday",
    "description": "",
    "is_active": true
  }
},
{
  "model": "finance.incomecategory",
  "pk": 11,
  "fields": {
    "church": null,
    "name": "Easter",
    "description": "",
    "is_active": true
  }
},
{
  "model": "finance.incomecategory",
  "pk": 12,
  "fields": {
    "church": null,
    "name": "Green Harvest",
    "description": "",
    "is_active": true
  }
},
{
  "model": "finance.incomecategory",
  "pk": 13,
  "fields": {
    "church": null,
    "name": "Christmas",
    "description": "",
    "is_active": true
  }
},
{
  "model": "finance.incomecategory",
  "pk": 14,
  "fields": {
    "church": null,
    "name": "New Year",
    "description": "",
    "is_active": true
  }
},
{
  "model": "finance.incomecategory",
  "pk": 15,
  "fields": {
    "church": null,
    "name": "Mid-week Prayers",
    "description": "",
    "is_active": true
  }
},
{
  "model": "finance.incomecategory",
  "pk": 16,
  "fields": {
    "church": null,
    "name": "Men’s Christian Fellowship (MCF)",
    "description": "",
    "is_active": true
  }
},
{
  "model": "finance.incomecategory",
  "pk": 17,
  "fields": {
    "church": null,
    "name": "Young Christian Fellowship (YCF)",
    "description": "",
    "is_active": true
  }
},
{
  "model": "finance.incomecategory",
  "pk": 18,
  "fields": {
    "church": null,
    "name": "Women’s Christian Fellowship (WCF)",
    "description": "",
    "is_active": true
  }
},
{
  "model": "finance.incomecategory",
  "pk": 19,
  "fields": {
    "church": null,
    "name": "Boys Brigade",
    "description": "",
    "is_active": true
  }
},
{
  "model": "finance.incomecategory",
  "pk": 20,
  "fields": {
    "church": null,
    "name": "Girls Brigade",
    "description": "",
    "is_active": true
  }
},
{
  "model": "finance.incomecategory",
  "pk": 21,
  "fields": {
    "church": null,
    "name": "Sunday School",
    "description": "",
    "is_active": true
  }
},
{
  "model": "finance.incomecategory",
  "pk": 22,
  "fields": {
    "church": null,
    "name": "Church Choir",
    "description": "",
    "is_active": true
  }
},
{
  "model": "finance.incomecategory",
  "pk": 23,
  "fields": {
    "church": null,
    "name": "Praise Team",
    "description": "",
    "is_active": true
  }
},
{
  "model": "finance.incomecategory",
  "pk": 24,
  "fields": {
    "church": null,
    "name": "Intercessors",
    "description": "",
    "is_active": true
  }
},
{
  "model": "finance.incomecategory",
  "pk": 25,
  "fields": {
    "church": null,
    "name": "Catechumen",
    "description": "",
    "is_active": true
  }
},
{
  "model": "finance.incomecategory",
  "pk": 26,
  "fields": {
    "church": null,
    "name": "Stewardship",
    "description": "",
    "is_active": true
  }
},
{
  "model": "finance.incomecategory",
  "pk": 27,
  "fields": {
    "church": null,
    "name": "Doctrine Worship and Evangelism",
    "description": "",
    "is_active": true
  }
},
{
  "model": "finance.incomecategory",
  "pk": 28,
  "fields": {
    "church": null,
    "name": "Church Projects, Development and Planning (CPDPC)",
    "description": "",
    "is_active": true
  }
},
{
  "model": "finance.incomecategory",
  "pk": 29,
  "fields": {
    "church": null,
    "name": "Fundraising",
    "description": "",
    "is_active": true
  }
},
{
  "model": "finance.incomecategory",
  "pk": 30,
  "fields": {
    "church": null,
    "name": "Marriage and Guidance",
    "description": "",
    "is_active": true
  }
},
{
  "model": "finance.incomecategory",
  "pk": 31,
  "fields": {
    "church": null,
    "name": "Community Development and Social Justice (CDSJ)",
    "description": "",
    "is_active": true
  }
},
{
  "model": "finance.incomecategory",
  "pk": 32,
  "fields": {
    "church": null,
    "name": "Communications and Literature (CT)",
    "description": "",
    "is_active": true
  }
},
{
  "model": "finance.incomecategory",
  "pk": 33,
  "fields": {
    "church": null,
    "name": "Funerals",
    "description": "",
    "is_active": true
  }
},
{
  "model": "finance.incomecategory",
  "pk": 34,
  "fields": {
    "church": null,
    "name": "Church Training (CTC)",
    "description": "",
    "is_active": true
  }
},
{
  "model": "finance.incomecategory",
  "pk": 35,
  "fields": {
    "church": null,
    "name": "Lay Preachers",
    "description": "",
    "is_active": true
  }
},
{
  "model": "finance.incomecategory",
  "pk": 36,
  "fields": {
    "church": null,
    "name": "Church Rules and Regulations (CRR)",
    "description": "",
    "is_active": true
  }
},
{
  "model": "finance.incomecategory",
  "pk": 37,
  "fields": {
    "church": null,
    "name": "Catering",
    "description": "",
    "is_active": true
  }
},
{
  "model": "finance.incomecategory",
  "pk": 38,
  "fields": {
    "church": null,
    "name": "Combined Bible Study",
    "description": "",
    "is_active": true
  }
},
{
  "model": "finance.incomecategory",
  "pk": 39,
  "fields": {
    "church": null,
    "name": "Sections",
    "description": "",
    "is_active": true
  }
},
{
  "model": "finance.incomecategory",
  "pk": 40,
  "fields": {
    "church": null,
    "name": "Other",
    "description": "",
    "is_active": true
  }
},
{
  "model": "finance.incomecategory",
  "pk": 41,
  "fields": {
    "church": null,
    "name": "Harvest Sales",
    "description": "",
    "is_active": true
  }
},
{
  "model": "finance.incomecategory",
  "pk": 42,
  "fields": {
    "church": 1,
    "name": "Hardship",
    "description": "",
    "is_active": true
  }
},
{
  "model": "finance.incomecategory",
  "pk": 43,
  "fields": {
    "church": 1,
    "name": "Thanks Giving",
    "description": "",
    "is_active": true
  }
},
{
  "model": "finance.incomecategory",
  "pk": 44,
  "fields": {
    "church": 1,
    "name": "Mission Assessment",
    "description": "",
    "is_active": true
  }
},
{
  "model": "finance.incomecategory",
  "pk": 45,
  "fields": {
    "church": 1,
    "name": "Nambala Section",
    "description": "",
    "is_active": true
  }
},
{
  "model": "finance.incomecategory",
  "pk": 46,
  "fields": {
    "church": 1,
    "name": "Chipembi Secction",
    "description": "",
    "is_active": true
  }
},
{
  "model": "finance.incomecategory",
  "pk": 47,
  "fields": {
    "church": 1,
    "name": "Mwandi Section",
    "description": "",
    "is_active": true
  }
},
{
  "model": "finance.incomecategory",
  "pk": 48,
  "fields": {
    "church": 1,
    "name": "Mwenzo Section",
    "description": "",
    "is_active": true
  }
},
{
  "model": "finance.expensecategory",
  "pk": 1,
  "fields": {
    "church": null,
    "name": "Synod",
    "parent": null,
    "description": "",
    "category_type": "admin",
    "expense_type": "opex",
    "is_remittance": false,
    "is_active": true
  }
},
{
  "model": "finance.expensecategory",
  "pk": 2,
  "fields": {
    "church": null,
    "name": "Synod Holy Communion",
    "parent": null,
    "description": "",
    "category_type": "admin",
    "expense_type": "opex",
    "is_remittance": false,
    "is_active": true
  }
},
{
  "model": "finance.expensecategory",
  "pk": 3,
  "fields": {
    "church": null,
    "name": "Presbytery",
    "parent": null,
    "description": "",
    "category_type": "admin",
    "expense_type": "opex",
    "is_remittance": false,
    "is_active": true
  }
},
{
  "model": "finance.expensecategory",
  "pk": 4,
  "fields": {
    "church": null,
    "name": "Consistory",
    "parent": null,
    "description": "",
    "category_type": "admin",
    "expense_type": "opex",
    "is_remittance": false,
    "is_active": true
  }
},
{
  "model": "finance.expensecategory",
  "pk": 5,
  "fields": {
    "church": null,
    "name": "Synod Assessment",
    "parent": null,
    "description": "",
    "category_type": "admin",
    "expense_type": "opex",
    "is_remittance": false,
    "is_active": true
  }
},
{
  "model": "finance.expensecategory",
  "pk": 6,
  "fields": {
    "church": null,
    "name": "Presbytery Assessment",
    "parent": null,
    "description": "",
    "category_type": "admin",
    "expense_type": "opex",
    "is_remittance": false,
    "is_active": true
  }
},
{
  "model": "finance.expensecategory",
  "pk": 7,
  "fields": {
    "church": null,
    "name": "Consistory Assessment",
    "parent": null,
    "description": "",
    "category_type": "admin",
    "expense_type": "opex",
    "is_remittance": false,
    "is_active": true
  }
},
{
  "model": "finance.expensecategory",
  "pk": 8,
  "fields": {
    "church": null,
    "name": "Rev Up Keep",
    "parent": null,
    "description": "",
    "category_type": "admin",
    "expense_type": "opex",
    "is_remittance": false,
    "is_active": true
  }
},
{
  "model": "finance.expensecategory",
  "pk": 9,
  "fields": {
    "church": null,
    "name": "Reverend weekly activities",
    "parent": null,
    "description": "",
    "category_type": "admin",
    "expense_type": "opex",
    "is_remittance": false,
    "is_active": true
  }
},
{
  "model": "finance.expensecategory",
  "pk": 10,
  "fields": {
    "church": null,
    "name": "Other Higher Courts Expenses",
    "parent": null,
    "description": "",
    "category_type": "admin",
    "expense_type": "opex",
    "is_remittance": false,
    "is_active": true
  }
},
{
  "model": "finance.expensecategory",
  "pk": 11,
  "fields": {
    "church": null,
    "name": "Administration",
    "parent": null,
    "description": "",
    "category_type": "admin",
    "expense_type": "opex",
    "is_remittance": false,
    "is_active": true
  }
},
{
  "model": "finance.expensecategory",
  "pk": 12,
  "fields": {
    "church": null,
    "name": "Stewardship",
    "parent": null,
    "description": "",
    "category_type": "admin",
    "expense_type": "opex",
    "is_remittance": false,
    "is_active": true
  }
},
{
  "model": "finance.expensecategory",
  "pk": 13,
  "fields": {
    "church": null,
    "name": "Sunday School",
    "parent": null,
    "description": "",
    "category_type": "admin",
    "expense_type": "opex",
    "is_remittance": false,
    "is_active": true
  }
},
{
  "model": "finance.expensecategory",
  "pk": 14,
  "fields": {
    "church": null,
    "name": "WCF",
    "parent": null,
    "description": "",
    "category_type": "admin",
    "expense_type": "opex",
    "is_remittance": false,
    "is_active": true
  }
},
{
  "model": "finance.expensecategory",
  "pk": 15,
  "fields": {
    "church": null,
    "name": "MCF",
    "parent": null,
    "description": "",
    "category_type": "admin",
    "expense_type": "opex",
    "is_remittance": false,
    "is_active": true
  }
},
{
  "model": "finance.expensecategory",
  "pk": 16,
  "fields": {
    "church": null,
    "name": "YCF",
    "parent": null,
    "description": "",
    "category_type": "admin",
    "expense_type": "opex",
    "is_remittance": false,
    "is_active": true
  }
},
{
  "model": "finance.expensecategory",
  "pk": 17,
  "fields": {
    "church": null,
    "name": "BB",
    "parent": null,
    "description": "",
    "category_type": "admin",
    "expense_type": "opex",
    "is_remittance": false,
    "is_active": true
  }
},
{
  "model": "finance.expensecategory",
  "pk": 18,
  "fields": {
    "church": null,
    "name": "GB",
    "parent": null,
    "description": "",
    "category_type": "admin",
    "expense_type": "opex",
    "is_remittance": false,
    "is_active": true
  }
},
{
  "model": "finance.expensecategory",
  "pk": 19,
  "fields": {
    "church": null,
    "name": "CDSJ",
    "parent": null,
    "description": "",
    "category_type": "admin",
    "expense_type": "opex",
    "is_remittance": false,
    "is_active": true
  }
},
{
  "model": "finance.expensecategory",
  "pk": 20,
  "fields": {
    "church": null,
    "name": "Choir",
    "parent": null,
    "description": "",
    "category_type": "admin",
    "expense_type": "opex",
    "is_remittance": false,
    "is_active": true
  }
},
{
  "model": "finance.expensecategory",
  "pk": 21,
  "fields": {
    "church": null,
    "name": "Praise Team",
    "parent": null,
    "description": "",
    "category_type": "admin",
    "expense_type": "opex",
    "is_remittance": false,
    "is_active": true
  }
},
{
  "model": "finance.expensecategory",
  "pk": 22,
  "fields": {
    "church": null,
    "name": "Committees",
    "parent": null,
    "description": "",
    "category_type": "admin",
    "expense_type": "opex",
    "is_remittance": false,
    "is_active": true
  }
},
{
  "model": "finance.expensecategory",
  "pk": 23,
  "fields": {
    "church": null,
    "name": "Fund Raising",
    "parent": null,
    "description": "",
    "category_type": "admin",
    "expense_type": "opex",
    "is_remittance": false,
    "is_active": true
  }
},
{
  "model": "finance.expensecategory",
  "pk": 24,
  "fields": {
    "church": null,
    "name": "Combined Bible Study",
    "parent": null,
    "description": "",
    "category_type": "admin",
    "expense_type": "opex",
    "is_remittance": false,
    "is_active": true
  }
},
{
  "model": "finance.expensecategory",
  "pk": 25,
  "fields": {
    "church": null,
    "name": "Catechumen",
    "parent": null,
    "description": "",
    "category_type": "admin",
    "expense_type": "opex",
    "is_remittance": false,
    "is_active": true
  }
},
{
  "model": "finance.expensecategory",
  "pk": 26,
  "fields": {
    "church": null,
    "name": "Sections",
    "parent": null,
    "description": "",
    "category_type": "admin",
    "expense_type": "opex",
    "is_remittance": false,
    "is_active": true
  }
},
{
  "model": "finance.expensecategory",
  "pk": 27,
  "fields": {
    "church": null,
    "name": "Other",
    "parent": null,
    "description": "",
    "category_type": "admin",
    "expense_type": "opex",
    "is_remittance": false,
    "is_active": true
  }
},
{
  "model": "finance.expensecategory",
  "pk": 28,
  "fields": {
    "church": null,
    "name": "Building",
    "parent": null,
    "description": "",
    "category_type": "admin",
    "expense_type": "capex",
    "is_remittance": false,
    "is_active": true
  }
},
{
  "model": "finance.expensecategory",
  "pk": 29,
  "fields": {
    "church": null,
    "name": "Equipment",
    "parent": null,
    "description": "",
    "category_type": "admin",
    "expense_type": "capex",
    "is_remittance": false,
    "is_active": true
  }
},
{
  "model": "finance.expensecategory",
  "pk": 30,
  "fields": {
    "church": null,
    "name": "Vehicles",
    "parent": null,
    "description": "",
    "category_type": "admin",
    "expense_type": "capex",
    "is_remittance": false,
    "is_active": true
  }
},
{
  "model": "finance.expensecategory",
  "pk": 31,
  "fields": {
    "church": null,
    "name": "Major Renovations",
    "parent": null,
    "description": "",
    "category_type": "admin",
    "expense_type": "capex",
    "is_remittance": false,
    "is_active": true
  }
},
{
  "model": "finance.remittancesettings",
  "pk": 1,
  "fields": {
    "church": null,
    "remittance_type": "consistory",
    "percentage": "10.00",
    "is_active": true,
    "notes": "",
    "created_at": "2025-12-12T21:02:20.871Z",
    "updated_at": "2025-12-30T18:21:49.128Z",
    "applicable_to_categories": [
      13,
      4,
      11,
      3,
      10,
      12,
      42,
      41,
      5,
      15,
      14,
      1,
      21,
      43,
      2
    ]
  }
},
{
  "model": "finance.remittancesettings",
  "pk": 2,
  "fields": {
    "church": 1,
    "remittance_type": "presbytery",
    "percentage": "20.00",
    "is_active": true,
    "notes": "",
    "created_at": "2025-12-14T10:25:18.201Z",
    "updated_at": "2025-12-30T18:21:11.445Z",
    "applicable_to_categories": [
      13,
      4,
      11,
      3,
      12,
      42,
      41,
      5,
      15,
      14,
      26,
      1,
      21,
      43,
      2
    ]
  }
},
{
  "model": "finance.remittancesettings",
  "pk": 3,
  "fields": {
    "church": 1,
    "remittance_type": "synod",
    "percentage": "10.00",
    "is_active": true,
    "notes": "",
    "created_at": "2025-12-30T18:15:05.692Z",
    "updated_at": "2025-12-30T18:22:20.731Z",
    "applicable_to_categories": [
      13,
      4,
      11,
      3,
      10,
      12,
      42,
      41,
      5,
      15,
      14,
      7,
      1,
      43,
      2
    ]
  }
},
{
  "model": "finance.assetcategory",
  "pk": 1,
  "fields": {
    "church": null,
    "name": "Furniture",
    "description": ""
  }
},
{
  "model": "finance.assetcategory",
  "pk": 2,
  "fields": {
    "church": null,
    "name": "Building",
    "description": ""
  }
},
{
  "model": "finance.asset",
  "pk": 1,
  "fields": {
    "church": null,
    "asset_code": "AST-0001",
    "category": 1,
    "name": "Pulpit",
    "description": "",
    "acquisition_date": "2025-12-14",
    "acquisition_value": "5500.00",
    "depreciation_rate": "12.00",
    "created_at": "2025-12-15T20:44:31.838Z",
    "updated_at": "2025-12-15T20:44:31.838Z"
  }
},
{
  "model": "planner.eventcategory",
  "pk": 1,
  "fields": {
    "church": null,
    "name": "Sunday Service",
    "color": "blue",
    "description": ""
  }
},
{
  "model": "planner.eventcategory",
  "pk": 2,
  "fields": {
    "church": null,
    "name": "Group Meeting",
    "color": "green",
    "description": ""
  }
},
{
  "model": "planner.eventcategory",
  "pk": 3,
  "fields": {
    "church": null,
    "name": "Special Meeting",
    "color": "red",
    "description": ""
  }
},
{
  "model": "planner.eventcategory",
  "pk": 4,
  "fields": {
    "church": null,
    "name": "Meeting",
    "color": "blue",
    "description": ""
  }
},
{
  "model": "planner.eventcategory",
  "pk": 5,
  "fields": {
    "church": null,
    "name": "Bible Study",
    "color": "blue",
    "description": ""
  }
},
{
  "model": "planner.eventcategory",
  "pk": 6,
  "fields": {
    "church": null,
    "name": "Community Outreach",
    "color": "blue",
    "description": ""
  }
},
{
  "model": "planner.eventcategory",
  "pk": 7,
  "fields": {
    "church": null,
    "name": "Choir Practice",
    "color": "blue",
    "description": ""
  }
},
{
  "model": "hr.payrollperiod",
  "pk": 2,
  "fields": {
    "church": null,
    "month": "2024-11-01",
    "status": "draft",
    "processed_by": 1,
    "paid_date": null,
    "created_at": "2025-12-15T12:03:13.184Z",
    "updated_at": "2025-12-15T12:03:13.184Z"
  }
},
{
  "model": "hr.payrollperiod",
  "pk": 3,
  "fields": {
    "church": null,
    "month": "2024-10-01",
    "status": "draft",
    "processed_by": 1,
    "paid_date": null,
    "created_at": "2025-12-15T12:03:14.051Z",
    "updated_at": "2025-12-15T12:03:14.052Z"
  }
},
{
  "model": "special_events.specialday",
  "pk": 1,
  "fields": {
    "church": null,
    "name": "Harvest Sunday",
    "date": "2025-12-16",
    "event_type": "harvest",
    "description": "",
    "is_active": true,
    "target_amount": "2000.00",
    "created_at": "2025-12-15T20:19:53.781Z"
  }
},
{
  "model": "special_events.specialday",
  "pk": 2,
  "fields": {
    "church": null,
    "name": "Annual Harvest 2024",
    "date": "2026-01-14",
    "event_type": "harvest",
    "description": "Main Annual Harvest",
    "is_active": true,
    "target_amount": "50000.00",
    "created_at": "2025-12-15T21:15:23.826Z"
  }
},
{
  "model": "special_events.specialday",
  "pk": 3,
  "fields": {
    "church": null,
    "name": "Christmas Service",
    "date": "2025-12-25",
    "event_type": "holiday",
    "description": "Christmas Day Service",
    "is_active": true,
    "target_amount": "10000.00",
    "created_at": "2025-12-15T21:15:24.011Z"
  }
},
{
  "model": "special_events.harvestitem",
  "pk": 3,
  "fields": {
    "church": null,
    "event": 1,
    "member": null,
    "donor_name": "mwansa",
    "item_name": "chibwabwa",
    "quantity": "5.00",
    "estimated_value": "100.00",
    "reserve_price": "120.00",
    "status": "donated",
    "sold_amount": null,
    "sold_date": null,
    "finance_income": null,
    "created_at": "2026-01-18T11:18:41.421Z"
  }
}
]
